id_transaccion,monto,moneda_tipo,fecha_hora,motivo
T1,3246,USD,2024-05-27T02:22:00,Motivo: 1
T2,17436,EUR,2024-12-16T15:19:00,Motivo: 2
T3,11042,GTQ,2024-12-08T00:59:00,Motivo: 3
T4,4731,USD,2024-04-06T03:58:00,Motivo: 4
T5,8917,EUR,2024-03-06T01:14:00,Motivo: 5
T6,3158,USD,2024-08-24T22:15:00,Motivo: 6
T7,18062,GTQ,2024-10-17T17:03:00,Motivo: 7
T8,15204,USD,2024-08-04T06:59:00,Motivo: 8
T9,34157,USD,2024-07-10T09:20:00,Motivo: 9
T10,17047,GTQ,2024-04-06T22:23:00,Motivo: 10
T11,34689,EUR,2024-06-26T16:16:00,Motivo: 11
T12,1788,EUR,2024-04-04T16:02:00,Motivo: 12
T13,19406,EUR,2024-12-04T04:37:00,Motivo: 13
T14,12806,USD,2024-05-27T18:11:00,Motivo: 14
T15,25536,GTQ,2024-04-19T16:12:00,Motivo: 15
T16,2600,USD,2024-05-19T03:37:00,Motivo: 16
T17,18329,GTQ,2024-02-18T23:24:00,Motivo: 17
T18,15593,EUR,2024-12-18T14:02:00,Motivo: 18
T19,4887,GTQ,2024-12-02T16:35:00,Motivo: 19
T20,2905,GTQ,2024-02-10T16:30:00,Motivo: 20
T21,18757,GTQ,2024-06-12T18:31:00,Motivo: 21
T22,14016,GTQ,2024-03-24T22:42:00,Motivo: 22
T23,11998,EUR,2024-03-09T02:34:00,Motivo: 23
T24,5163,GTQ,2024-01-26T09:12:00,Motivo: 24
T25,21445,EUR,2024-11-16T09:31:00,Motivo: 25
T26,717,USD,2024-08-24T21:26:00,Motivo: 26
T27,9168,GTQ,2024-04-24T01:45:00,Motivo: 27
T28,1700,USD,2024-10-05T15:57:00,Motivo: 28
T29,1621,EUR,2024-05-28T20:49:00,Motivo: 29
T30,3029,GTQ,2024-02-28T17:01:00,Motivo: 30
T31,11372,GTQ,2024-11-03T14:02:00,Motivo: 31
T32,22469,USD,2024-01-13T17:09:00,Motivo: 32
T33,24841,EUR,2024-11-24T17:01:00,Motivo: 33
T34,20504,EUR,2024-05-26T11:53:00,Motivo: 34
T35,2573,EUR,2024-08-06T10:25:00,Motivo: 35
T36,11832,GTQ,2024-05-14T04:12:00,Motivo: 36
T37,22947,USD,2024-05-23T13:25:00,Motivo: 37
T38,12039,GTQ,2024-11-10T08:39:00,Motivo: 38
T39,5805,USD,2024-06-06T03:31:00,Motivo: 39
T40,9618,USD,2024-04-25T06:16:00,Motivo: 40
T41,18581,GTQ,2024-09-05T22:59:00,Motivo: 41
T42,12359,GTQ,2024-04-01T20:10:00,Motivo: 42
T43,29045,USD,2024-03-25T09:17:00,Motivo: 43
T44,8070,EUR,2024-10-07T13:20:00,Motivo: 44
T45,33952,GTQ,2024-02-16T01:17:00,Motivo: 45
T46,17013,USD,2024-01-26T22:52:00,Motivo: 46
T47,636,EUR,2024-03-21T22:12:00,Motivo: 47
T48,24751,USD,2024-06-15T18:27:00,Motivo: 48
T49,32019,USD,2024-09-23T06:12:00,Motivo: 49
T50,19416,GTQ,2024-10-17T00:05:00,Motivo: 50
T51,18096,GTQ,2024-02-25T23:25:00,Motivo: 51
T52,10851,USD,2024-07-04T05:19:00,Motivo: 52
T53,27462,EUR,2024-07-13T03:26:00,Motivo: 53
T54,26507,USD,2024-10-04T05:08:00,Motivo: 54
T55,25248,GTQ,2024-11-22T15:57:00,Motivo: 55
T56,12189,USD,2024-08-16T01:29:00,Motivo: 56
T57,29940,GTQ,2024-07-16T01:39:00,Motivo: 57
T58,16845,GTQ,2024-04-07T01:16:00,Motivo: 58
T59,13752,EUR,2024-01-27T22:12:00,Motivo: 59
T60,16717,GTQ,2024-11-10T07:49:00,Motivo: 60
T61,6551,EUR,2024-10-21T17:15:00,Motivo: 61
T62,4458,GTQ,2024-01-17T11:13:00,Motivo: 62
T63,29171,USD,2024-11-10T09:53:00,Motivo: 63
T64,634,EUR,2024-02-12T23:53:00,Motivo: 64
T65,17116,GTQ,2024-12-17T05:41:00,Motivo: 65
T66,8161,USD,2024-02-25T01:01:00,Motivo: 66
T67,7152,USD,2024-09-18T11:11:00,Motivo: 67
T68,27520,USD,2024-02-20T01:39:00,Motivo: 68
T69,13599,GTQ,2024-10-19T18:47:00,Motivo: 69
T70,19485,USD,2024-06-24T03:39:00,Motivo: 70
T71,18170,USD,2024-01-22T01:24:00,Motivo: 71
T72,3012,USD,2024-07-25T08:58:00,Motivo: 72
T73,19995,GTQ,2024-08-12T20:21:00,Motivo: 73
T74,33767,GTQ,2024-05-06T15:19:00,Motivo: 74
T75,22210,USD,2024-12-03T02:44:00,Motivo: 75
T76,19531,EUR,2024-05-14T11:14:00,Motivo: 76
T77,15325,EUR,2024-11-25T05:08:00,Motivo: 77
T78,25598,EUR,2024-06-25T23:02:00,Motivo: 78
T79,1893,USD,2024-11-18T09:17:00,Motivo: 79
T80,2794,USD,2024-08-27T16:23:00,Motivo: 80
T81,45937,GTQ,2024-12-26T18:17:00,Motivo: 81
T82,1222,EUR,2024-01-10T06:13:00,Motivo: 82
T83,24024,EUR,2024-03-24T14:39:00,Motivo: 83
T84,23140,GTQ,2024-08-03T04:25:00,Motivo: 84
T85,9004,GTQ,2024-08-12T11:03:00,Motivo: 85
T86,34997,EUR,2024-10-18T10:37:00,Motivo: 86
T87,17764,USD,2024-11-12T04:53:00,Motivo: 87
T88,19665,USD,2024-01-07T07:21:00,Motivo: 88
T89,15507,GTQ,2024-12-28T01:25:00,Motivo: 89
T90,6295,EUR,2024-03-25T06:24:00,Motivo: 90
T91,25807,USD,2024-07-28T12:13:00,Motivo: 91
T92,45278,GTQ,2024-03-19T14:30:00,Motivo: 92
T93,11784,EUR,2024-03-02T12:22:00,Motivo: 93
T94,13684,GTQ,2024-10-11T12:48:00,Motivo: 94
T95,20854,EUR,2024-05-16T14:53:00,Motivo: 95
T96,20586,USD,2024-08-01T01:16:00,Motivo: 96
T97,23734,GTQ,2024-07-10T17:08:00,Motivo: 97
T98,29794,USD,2024-07-05T07:53:00,Motivo: 98
T99,40058,USD,2024-01-03T18:59:00,Motivo: 99
T100,8671,EUR,2024-05-16T04:47:00,Motivo: 100
T101,5585,USD,2024-11-02T14:48:00,Motivo: 101
T102,15947,USD,2024-10-24T06:48:00,Motivo: 102
T103,9652,EUR,2024-06-06T10:46:00,Motivo: 103
T104,20875,GTQ,2024-05-17T00:38:00,Motivo: 104
T105,7309,EUR,2024-12-14T18:32:00,Motivo: 105
T106,6850,USD,2024-06-23T20:13:00,Motivo: 106
T107,15067,GTQ,2024-06-22T05:13:00,Motivo: 107
T108,31468,GTQ,2024-04-05T19:34:00,Motivo: 108
T109,32575,GTQ,2024-11-21T01:53:00,Motivo: 109
T110,3300,EUR,2024-01-14T16:11:00,Motivo: 110
T111,5533,GTQ,2024-04-07T15:55:00,Motivo: 111
T112,25982,EUR,2024-08-12T10:11:00,Motivo: 112
T113,8886,USD,2024-06-10T07:52:00,Motivo: 113
T114,31600,GTQ,2024-08-17T21:17:00,Motivo: 114
T115,25234,USD,2024-01-19T04:47:00,Motivo: 115
T116,13417,GTQ,2024-07-22T07:37:00,Motivo: 116
T117,29514,USD,2024-03-20T03:33:00,Motivo: 117
T118,4861,USD,2024-09-19T10:09:00,Motivo: 118
T119,18193,USD,2024-11-16T02:16:00,Motivo: 119
T120,15021,EUR,2024-03-05T20:30:00,Motivo: 120
T121,34195,EUR,2024-07-02T10:22:00,Motivo: 121
T122,14762,USD,2024-03-01T22:18:00,Motivo: 122
T123,16262,GTQ,2024-10-20T04:06:00,Motivo: 123
T124,49081,EUR,2024-07-13T20:04:00,Motivo: 124
T125,49624,GTQ,2024-03-23T16:36:00,Motivo: 125
T126,25525,EUR,2024-06-02T05:00:00,Motivo: 126
T127,21561,EUR,2024-02-13T11:31:00,Motivo: 127
T128,33035,EUR,2024-01-05T17:15:00,Motivo: 128
T129,14608,GTQ,2024-03-21T03:57:00,Motivo: 129
T130,29234,USD,2024-11-27T12:23:00,Motivo: 130
T131,31948,USD,2024-03-18T16:19:00,Motivo: 131
T132,17566,EUR,2024-06-07T01:26:00,Motivo: 132
T133,7272,GTQ,2024-12-13T16:10:00,Motivo: 133
T134,15925,USD,2024-10-22T14:59:00,Motivo: 134
T135,15875,GTQ,2024-05-14T03:34:00,Motivo: 135
T136,8182,GTQ,2024-01-09T09:57:00,Motivo: 136
T137,25322,GTQ,2024-04-19T19:50:00,Motivo: 137
T138,29235,GTQ,2024-04-18T01:32:00,Motivo: 138
T139,5792,GTQ,2024-11-17T05:01:00,Motivo: 139
T140,40204,GTQ,2024-09-12T07:56:00,Motivo: 140
T141,1677,EUR,2024-01-17T03:53:00,Motivo: 141
T142,16672,EUR,2024-09-26T20:54:00,Motivo: 142
T143,22830,GTQ,2024-09-01T05:16:00,Motivo: 143
T144,14005,EUR,2024-08-22T15:15:00,Motivo: 144
T145,33668,EUR,2024-07-18T21:46:00,Motivo: 145
T146,19055,EUR,2024-08-04T11:23:00,Motivo: 146
T147,43297,EUR,2024-07-22T19:00:00,Motivo: 147
T148,15178,EUR,2024-02-02T20:52:00,Motivo: 148
T149,21487,EUR,2024-06-26T20:42:00,Motivo: 149
T150,21469,EUR,2024-02-16T13:33:00,Motivo: 150
T151,18501,EUR,2024-12-24T22:54:00,Motivo: 151
T152,27502,GTQ,2024-09-11T11:49:00,Motivo: 152
T153,20877,GTQ,2024-02-10T06:19:00,Motivo: 153
T154,47273,GTQ,2024-05-28T16:50:00,Motivo: 154
T155,12550,EUR,2024-07-11T19:45:00,Motivo: 155
T156,18276,USD,2024-06-12T16:55:00,Motivo: 156
T157,41622,EUR,2024-03-01T03:14:00,Motivo: 157
T158,33820,EUR,2024-10-09T12:13:00,Motivo: 158
T159,9243,EUR,2024-10-05T02:42:00,Motivo: 159
T160,10518,GTQ,2024-05-23T16:37:00,Motivo: 160
T161,20964,EUR,2024-08-25T22:29:00,Motivo: 161
T162,1487,USD,2024-08-17T17:16:00,Motivo: 162
T163,3550,GTQ,2024-01-23T20:20:00,Motivo: 163
T164,8020,USD,2024-11-14T01:19:00,Motivo: 164
T165,2496,USD,2024-01-16T12:02:00,Motivo: 165
T166,19111,EUR,2024-07-13T20:28:00,Motivo: 166
T167,32557,GTQ,2024-01-13T17:06:00,Motivo: 167
T168,34098,USD,2024-05-19T09:18:00,Motivo: 168
T169,22373,GTQ,2024-07-24T08:39:00,Motivo: 169
T170,45582,GTQ,2024-10-23T05:51:00,Motivo: 170
T171,23960,USD,2024-04-14T17:34:00,Motivo: 171
T172,33226,USD,2024-06-07T19:38:00,Motivo: 172
T173,3313,USD,2024-10-23T01:28:00,Motivo: 173
T174,2320,USD,2024-10-11T18:43:00,Motivo: 174
T175,17155,EUR,2024-08-14T10:25:00,Motivo: 175
T176,24430,GTQ,2024-09-20T08:07:00,Motivo: 176
T177,43056,USD,2024-05-03T02:06:00,Motivo: 177
T178,14112,EUR,2024-04-17T23:54:00,Motivo: 178
T179,34611,GTQ,2024-11-08T23:12:00,Motivo: 179
T180,21923,GTQ,2024-02-25T07:04:00,Motivo: 180
T181,14547,USD,2024-11-09T12:47:00,Motivo: 181
T182,17082,EUR,2024-03-09T08:19:00,Motivo: 182
T183,25166,EUR,2024-04-01T15:28:00,Motivo: 183
T184,10177,EUR,2024-07-02T15:06:00,Motivo: 184
T185,5053,GTQ,2024-04-18T07:10:00,Motivo: 185
T186,2920,EUR,2024-11-19T12:41:00,Motivo: 186
T187,23746,GTQ,2024-04-18T11:12:00,Motivo: 187
T188,7077,GTQ,2024-09-13T22:43:00,Motivo: 188
T189,9473,USD,2024-09-13T01:04:00,Motivo: 189
T190,12078,GTQ,2024-05-14T09:58:00,Motivo: 190
T191,15804,GTQ,2024-03-10T10:00:00,Motivo: 191
T192,8375,USD,2024-06-01T03:31:00,Motivo: 192
T193,5294,EUR,2024-12-14T16:12:00,Motivo: 193
T194,23534,USD,2024-11-25T09:03:00,Motivo: 194
T195,23247,GTQ,2024-03-06T11:26:00,Motivo: 195
T196,13762,GTQ,2024-01-03T08:27:00,Motivo: 196
T197,18165,USD,2024-03-09T02:08:00,Motivo: 197
T198,7425,GTQ,2024-11-19T00:19:00,Motivo: 198
T199,10410,EUR,2024-02-13T23:00:00,Motivo: 199
T200,28371,USD,2024-11-23T02:21:00,Motivo: 200
T201,10940,EUR,2024-09-18T03:31:00,Motivo: 201
T202,17869,GTQ,2024-06-26T07:34:00,Motivo: 202
T203,33629,GTQ,2024-08-13T22:26:00,Motivo: 203
T204,11552,EUR,2024-02-24T12:28:00,Motivo: 204
T205,13632,EUR,2024-06-16T13:40:00,Motivo: 205
T206,8325,EUR,2024-06-06T21:52:00,Motivo: 206
T207,17232,USD,2024-12-27T08:03:00,Motivo: 207
T208,32460,USD,2024-12-21T14:01:00,Motivo: 208
T209,44945,EUR,2024-10-26T21:04:00,Motivo: 209
T210,3153,GTQ,2024-05-11T07:41:00,Motivo: 210
T211,45052,EUR,2024-10-27T14:35:00,Motivo: 211
T212,19126,GTQ,2024-01-03T12:00:00,Motivo: 212
T213,10115,USD,2024-03-03T08:27:00,Motivo: 213
T214,28680,GTQ,2024-08-26T23:22:00,Motivo: 214
T215,44069,USD,2024-10-12T23:52:00,Motivo: 215
T216,15388,USD,2024-06-05T06:07:00,Motivo: 216
T217,9771,EUR,2024-11-22T19:39:00,Motivo: 217
T218,19943,EUR,2024-04-07T14:26:00,Motivo: 218
T219,34410,USD,2024-04-15T10:54:00,Motivo: 219
T220,19768,EUR,2024-02-13T15:31:00,Motivo: 220
T221,20127,EUR,2024-05-13T07:08:00,Motivo: 221
T222,14320,EUR,2024-12-12T13:38:00,Motivo: 222
T223,736,GTQ,2024-04-03T17:42:00,Motivo: 223
T224,30522,USD,2024-08-12T13:00:00,Motivo: 224
T225,17008,USD,2024-10-20T00:25:00,Motivo: 225
T226,17372,GTQ,2024-02-08T06:06:00,Motivo: 226
T227,25689,EUR,2024-06-28T22:08:00,Motivo: 227
T228,18156,EUR,2024-11-17T18:56:00,Motivo: 228
T229,33683,GTQ,2024-07-24T12:48:00,Motivo: 229
T230,17818,USD,2024-12-04T01:20:00,Motivo: 230
T231,14038,EUR,2024-08-23T15:49:00,Motivo: 231
T232,16193,USD,2024-04-24T00:49:00,Motivo: 232
T233,18328,GTQ,2024-01-13T20:14:00,Motivo: 233
T234,18549,EUR,2024-01-28T01:22:00,Motivo: 234
T235,21230,EUR,2024-04-07T18:51:00,Motivo: 235
T236,43648,USD,2024-12-17T04:18:00,Motivo: 236
T237,27134,USD,2024-08-19T07:47:00,Motivo: 237
T238,9127,EUR,2024-05-21T04:27:00,Motivo: 238
T239,3025,USD,2024-07-19T20:49:00,Motivo: 239
T240,4003,USD,2024-09-15T03:37:00,Motivo: 240
T241,26231,GTQ,2024-11-28T06:12:00,Motivo: 241
T242,28441,USD,2024-03-01T19:55:00,Motivo: 242
T243,13792,EUR,2024-02-28T12:48:00,Motivo: 243
T244,33946,GTQ,2024-06-09T13:18:00,Motivo: 244
T245,15944,GTQ,2024-02-08T02:56:00,Motivo: 245
T246,3676,USD,2024-09-10T08:13:00,Motivo: 246
T247,1475,USD,2024-10-01T17:12:00,Motivo: 247
T248,16747,GTQ,2024-11-09T21:44:00,Motivo: 248
T249,27930,GTQ,2024-01-15T04:13:00,Motivo: 249
T250,29229,GTQ,2024-09-15T07:46:00,Motivo: 250
T251,18157,USD,2024-10-28T10:13:00,Motivo: 251
T252,5113,GTQ,2024-06-05T07:44:00,Motivo: 252
T253,7279,USD,2024-05-10T21:30:00,Motivo: 253
T254,27976,EUR,2024-02-20T14:49:00,Motivo: 254
T255,3154,USD,2024-02-11T02:14:00,Motivo: 255
T256,13913,GTQ,2024-05-17T22:16:00,Motivo: 256
T257,19058,GTQ,2024-05-24T18:29:00,Motivo: 257
T258,49113,USD,2024-03-18T09:04:00,Motivo: 258
T259,13401,EUR,2024-01-16T05:18:00,Motivo: 259
T260,48533,GTQ,2024-04-10T11:35:00,Motivo: 260
T261,45879,USD,2024-09-14T20:04:00,Motivo: 261
T262,24842,GTQ,2024-06-02T13:38:00,Motivo: 262
T263,5021,EUR,2024-03-23T01:54:00,Motivo: 263
T264,26321,EUR,2024-11-08T13:15:00,Motivo: 264
T265,11584,GTQ,2024-01-21T07:46:00,Motivo: 265
T266,49180,USD,2024-12-04T20:18:00,Motivo: 266
T267,19509,USD,2024-11-22T00:59:00,Motivo: 267
T268,33061,GTQ,2024-03-27T22:38:00,Motivo: 268
T269,41041,USD,2024-05-28T17:32:00,Motivo: 269
T270,29574,USD,2024-10-16T18:09:00,Motivo: 270
T271,27126,USD,2024-01-19T21:43:00,Motivo: 271
T272,12032,EUR,2024-07-19T23:12:00,Motivo: 272
T273,16086,GTQ,2024-03-24T11:35:00,Motivo: 273
T274,12572,EUR,2024-09-12T17:17:00,Motivo: 274
T275,12444,USD,2024-04-01T01:39:00,Motivo: 275
T276,33520,GTQ,2024-09-09T00:16:00,Motivo: 276
T277,29058,USD,2024-08-12T13:55:00,Motivo: 277
T278,42255,GTQ,2024-05-27T08:16:00,Motivo: 278
T279,28873,EUR,2024-03-22T16:53:00,Motivo: 279
T280,18118,GTQ,2024-04-15T08:17:00,Motivo: 280
T281,22979,GTQ,2024-01-06T21:27:00,Motivo: 281
T282,26944,GTQ,2024-05-18T07:08:00,Motivo: 282
T283,911,USD,2024-02-23T12:07:00,Motivo: 283
T284,16822,GTQ,2024-08-24T04:01:00,Motivo: 284
T285,1526,GTQ,2024-02-05T21:38:00,Motivo: 285
T286,1491,USD,2024-12-12T03:57:00,Motivo: 286
T287,24295,USD,2024-12-03T04:04:00,Motivo: 287
T288,12760,EUR,2024-04-19T16:21:00,Motivo: 288
T289,17466,GTQ,2024-05-06T18:04:00,Motivo: 289
T290,18330,USD,2024-09-26T09:50:00,Motivo: 290
T291,6907,EUR,2024-07-28T18:39:00,Motivo: 291
T292,14793,USD,2024-10-14T19:51:00,Motivo: 292
T293,23130,USD,2024-11-09T21:33:00,Motivo: 293
T294,9044,EUR,2024-01-17T19:02:00,Motivo: 294
T295,9542,GTQ,2024-07-22T09:21:00,Motivo: 295
T296,8623,GTQ,2024-05-15T07:49:00,Motivo: 296
T297,22282,GTQ,2024-02-21T18:31:00,Motivo: 297
T298,3189,GTQ,2024-03-07T04:22:00,Motivo: 298
T299,15672,USD,2024-05-15T10:39:00,Motivo: 299
T300,12088,USD,2024-09-12T22:21:00,Motivo: 300
T301,15395,EUR,2024-02-01T18:46:00,Motivo: 301
T302,14576,USD,2024-01-26T20:12:00,Motivo: 302
T303,31315,USD,2024-10-15T18:16:00,Motivo: 303
T304,44518,USD,2024-04-26T17:31:00,Motivo: 304
T305,953,USD,2024-03-01T14:20:00,Motivo: 305
T306,34341,USD,2024-07-24T13:24:00,Motivo: 306
T307,5092,USD,2024-08-20T07:46:00,Motivo: 307
T308,9866,EUR,2024-12-08T06:41:00,Motivo: 308
T309,34784,EUR,2024-03-09T04:01:00,Motivo: 309
T310,33880,EUR,2024-07-09T07:28:00,Motivo: 310
T311,15181,USD,2024-09-15T11:10:00,Motivo: 311
T312,21470,GTQ,2024-09-07T22:16:00,Motivo: 312
T313,14324,GTQ,2024-05-10T05:55:00,Motivo: 313
T314,28963,EUR,2024-07-25T10:57:00,Motivo: 314
T315,23058,USD,2024-06-15T15:36:00,Motivo: 315
T316,15154,USD,2024-07-21T07:26:00,Motivo: 316
T317,24795,USD,2024-03-21T13:54:00,Motivo: 317
T318,9332,GTQ,2024-04-23T21:48:00,Motivo: 318
T319,5968,EUR,2024-11-04T11:19:00,Motivo: 319
T320,21729,USD,2024-11-08T15:00:00,Motivo: 320
T321,18586,GTQ,2024-09-06T08:43:00,Motivo: 321
T322,32946,USD,2024-10-08T07:59:00,Motivo: 322
T323,13484,USD,2024-04-13T13:36:00,Motivo: 323
T324,34555,EUR,2024-03-25T09:54:00,Motivo: 324
T325,13301,GTQ,2024-06-03T15:24:00,Motivo: 325
T326,16351,GTQ,2024-07-27T17:05:00,Motivo: 326
T327,26710,GTQ,2024-11-17T00:06:00,Motivo: 327
T328,34727,EUR,2024-01-11T05:01:00,Motivo: 328
T329,2322,GTQ,2024-11-02T04:42:00,Motivo: 329
T330,18730,GTQ,2024-06-04T23:39:00,Motivo: 330
T331,24393,USD,2024-06-12T21:27:00,Motivo: 331
T332,21473,GTQ,2024-07-10T04:03:00,Motivo: 332
T333,19611,USD,2024-11-10T06:03:00,Motivo: 333
T334,41336,GTQ,2024-05-24T11:02:00,Motivo: 334
T335,44255,GTQ,2024-06-16T13:22:00,Motivo: 335
T336,30197,GTQ,2024-11-21T08:32:00,Motivo: 336
T337,42782,GTQ,2024-06-22T06:38:00,Motivo: 337
T338,9248,GTQ,2024-12-24T10:48:00,Motivo: 338
T339,25892,USD,2024-12-26T21:11:00,Motivo: 339
T340,44056,USD,2024-02-10T16:02:00,Motivo: 340
T341,46060,USD,2024-05-06T18:17:00,Motivo: 341
T342,24727,USD,2024-08-27T21:52:00,Motivo: 342
T343,8683,USD,2024-03-09T04:18:00,Motivo: 343
T344,9387,USD,2024-09-24T07:53:00,Motivo: 344
T345,15419,USD,2024-07-15T16:58:00,Motivo: 345
T346,25507,GTQ,2024-07-12T01:05:00,Motivo: 346
T347,22741,USD,2024-07-16T04:56:00,Motivo: 347
T348,2292,USD,2024-07-24T07:32:00,Motivo: 348
T349,18291,USD,2024-12-24T07:32:00,Motivo: 349
T350,15807,USD,2024-02-24T17:22:00,Motivo: 350
T351,11248,GTQ,2024-03-07T11:56:00,Motivo: 351
T352,26828,EUR,2024-05-08T00:38:00,Motivo: 352
T353,8343,USD,2024-12-04T19:07:00,Motivo: 353
T354,16914,EUR,2024-04-02T16:41:00,Motivo: 354
T355,13031,GTQ,2024-11-04T06:31:00,Motivo: 355
T356,15614,USD,2024-10-19T10:54:00,Motivo: 356
T357,15191,EUR,2024-04-07T11:34:00,Motivo: 357
T358,11921,USD,2024-09-09T08:36:00,Motivo: 358
T359,16896,GTQ,2024-10-25T01:43:00,Motivo: 359
T360,23644,USD,2024-01-23T02:14:00,Motivo: 360
T361,15519,GTQ,2024-11-09T04:25:00,Motivo: 361
T362,25631,EUR,2024-01-03T03:33:00,Motivo: 362
T363,33885,USD,2024-08-24T06:07:00,Motivo: 363
T364,34515,USD,2024-08-16T01:03:00,Motivo: 364
T365,14957,USD,2024-09-02T20:55:00,Motivo: 365
T366,9852,USD,2024-01-25T19:43:00,Motivo: 366
T367,23430,EUR,2024-02-16T15:39:00,Motivo: 367
T368,13790,EUR,2024-05-23T02:20:00,Motivo: 368
T369,8219,GTQ,2024-09-03T19:40:00,Motivo: 369
T370,44973,USD,2024-06-22T17:54:00,Motivo: 370
T371,4905,USD,2024-02-12T12:19:00,Motivo: 371
T372,28341,EUR,2024-03-22T01:56:00,Motivo: 372
T373,26720,GTQ,2024-10-25T12:49:00,Motivo: 373
T374,23362,EUR,2024-12-10T03:47:00,Motivo: 374
T375,2153,USD,2024-11-19T12:48:00,Motivo: 375
T376,45806,EUR,2024-08-23T18:55:00,Motivo: 376
T377,14652,EUR,2024-02-22T08:49:00,Motivo: 377
T378,26079,GTQ,2024-11-18T18:24:00,Motivo: 378
T379,46021,GTQ,2024-11-22T08:51:00,Motivo: 379
T380,22057,GTQ,2024-06-18T15:43:00,Motivo: 380
T381,33380,GTQ,2024-03-14T10:20:00,Motivo: 381
T382,33766,EUR,2024-04-25T00:03:00,Motivo: 382
T383,13618,GTQ,2024-09-12T15:33:00,Motivo: 383
T384,28966,USD,2024-09-09T23:46:00,Motivo: 384
T385,4147,GTQ,2024-09-25T07:38:00,Motivo: 385
T386,42279,USD,2024-05-03T17:15:00,Motivo: 386
T387,22276,GTQ,2024-07-14T22:59:00,Motivo: 387
T388,31566,EUR,2024-05-21T19:32:00,Motivo: 388
T389,14485,USD,2024-04-27T05:35:00,Motivo: 389
T390,27764,EUR,2024-06-10T06:25:00,Motivo: 390
T391,24861,EUR,2024-08-06T05:51:00,Motivo: 391
T392,1975,USD,2024-11-06T09:03:00,Motivo: 392
T393,34735,GTQ,2024-11-05T16:02:00,Motivo: 393
T394,16519,EUR,2024-05-23T20:40:00,Motivo: 394
T395,23488,EUR,2024-07-06T09:32:00,Motivo: 395
T396,4390,GTQ,2024-12-11T09:48:00,Motivo: 396
T397,16363,USD,2024-03-19T06:39:00,Motivo: 397
T398,18740,EUR,2024-07-24T21:18:00,Motivo: 398
T399,20073,GTQ,2024-12-06T00:14:00,Motivo: 399
T400,3851,USD,2024-03-14T07:15:00,Motivo: 400
T401,19667,GTQ,2024-12-15T13:48:00,Motivo: 401
T402,3579,EUR,2024-06-02T14:07:00,Motivo: 402
T403,22924,EUR,2024-09-13T00:56:00,Motivo: 403
T404,15206,USD,2024-11-13T16:42:00,Motivo: 404
T405,16574,GTQ,2024-04-10T20:17:00,Motivo: 405
T406,10009,EUR,2024-02-02T01:33:00,Motivo: 406
T407,19267,EUR,2024-08-05T21:24:00,Motivo: 407
T408,25065,USD,2024-12-22T01:31:00,Motivo: 408
T409,16322,EUR,2024-06-26T00:36:00,Motivo: 409
T410,41498,USD,2024-02-05T21:07:00,Motivo: 410
T411,4835,EUR,2024-08-26T12:57:00,Motivo: 411
T412,5016,EUR,2024-02-08T13:00:00,Motivo: 412
T413,10306,GTQ,2024-12-04T15:23:00,Motivo: 413
T414,13663,USD,2024-11-19T01:50:00,Motivo: 414
T415,22518,GTQ,2024-11-14T09:11:00,Motivo: 415
T416,874,GTQ,2024-10-14T17:10:00,Motivo: 416
T417,45402,EUR,2024-12-14T16:08:00,Motivo: 417
T418,22560,EUR,2024-06-16T14:19:00,Motivo: 418
T419,44865,EUR,2024-09-19T00:14:00,Motivo: 419
T420,34592,EUR,2024-07-17T07:26:00,Motivo: 420
T421,14257,GTQ,2024-06-19T21:40:00,Motivo: 421
T422,8885,USD,2024-12-06T10:04:00,Motivo: 422
T423,27737,USD,2024-11-02T15:03:00,Motivo: 423
T424,10404,EUR,2024-10-16T06:08:00,Motivo: 424
T425,43408,USD,2024-04-27T04:36:00,Motivo: 425
T426,17096,GTQ,2024-12-14T23:10:00,Motivo: 426
T427,27701,USD,2024-02-04T06:34:00,Motivo: 427
T428,1355,GTQ,2024-12-23T01:36:00,Motivo: 428
T429,16063,GTQ,2024-09-15T07:10:00,Motivo: 429
T430,9427,GTQ,2024-09-14T07:57:00,Motivo: 430
T431,24500,USD,2024-08-25T03:08:00,Motivo: 431
T432,9793,USD,2024-12-20T06:05:00,Motivo: 432
T433,32156,EUR,2024-03-24T10:28:00,Motivo: 433
T434,8457,GTQ,2024-04-28T19:47:00,Motivo: 434
T435,5660,USD,2024-05-17T08:06:00,Motivo: 435
T436,17347,USD,2024-11-07T22:03:00,Motivo: 436
T437,23843,GTQ,2024-07-15T00:52:00,Motivo: 437
T438,22643,USD,2024-01-10T10:18:00,Motivo: 438
T439,33081,EUR,2024-04-03T19:25:00,Motivo: 439
T440,2494,GTQ,2024-03-26T04:02:00,Motivo: 440
T441,42875,USD,2024-08-28T02:42:00,Motivo: 441
T442,41888,EUR,2024-10-14T01:55:00,Motivo: 442
T443,17211,EUR,2024-08-27T13:22:00,Motivo: 443
T444,24322,EUR,2024-09-21T10:04:00,Motivo: 444
T445,27451,EUR,2024-01-18T09:57:00,Motivo: 445
T446,21169,USD,2024-09-07T22:21:00,Motivo: 446
T447,29024,USD,2024-11-25T04:10:00,Motivo: 447
T448,20732,USD,2024-05-28T19:26:00,Motivo: 448
T449,1828,EUR,2024-11-28T19:57:00,Motivo: 449
T450,14627,GTQ,2024-11-14T09:40:00,Motivo: 450
T451,33394,USD,2024-12-18T23:54:00,Motivo: 451
T452,47471,EUR,2024-04-22T13:24:00,Motivo: 452
T453,41967,USD,2024-10-02T11:28:00,Motivo: 453
T454,6989,GTQ,2024-01-22T21:32:00,Motivo: 454
T455,21480,USD,2024-01-11T17:34:00,Motivo: 455
T456,17725,USD,2024-09-05T07:22:00,Motivo: 456
T457,11545,GTQ,2024-08-04T00:29:00,Motivo: 457
T458,5219,USD,2024-05-08T09:50:00,Motivo: 458
T459,15684,USD,2024-02-24T17:31:00,Motivo: 459
T460,8293,USD,2024-06-08T10:09:00,Motivo: 460
T461,13341,EUR,2024-03-02T15:43:00,Motivo: 461
T462,20744,USD,2024-01-07T10:49:00,Motivo: 462
T463,19781,EUR,2024-12-19T12:12:00,Motivo: 463
T464,8778,GTQ,2024-08-01T20:10:00,Motivo: 464
T465,2016,USD,2024-02-27T15:14:00,Motivo: 465
T466,25265,USD,2024-08-08T13:49:00,Motivo: 466
T467,29696,USD,2024-12-19T07:35:00,Motivo: 467
T468,3012,GTQ,2024-02-07T17:38:00,Motivo: 468
T469,34738,GTQ,2024-09-12T13:59:00,Motivo: 469
T470,14496,USD,2024-07-07T14:00:00,Motivo: 470
T471,17755,GTQ,2024-12-24T02:23:00,Motivo: 471
T472,16700,EUR,2024-06-09T17:19:00,Motivo: 472
T473,13898,EUR,2024-11-08T02:48:00,Motivo: 473
T474,17272,EUR,2024-12-05T02:24:00,Motivo: 474
T475,32390,USD,2024-04-09T09:36:00,Motivo: 475
T476,30219,EUR,2024-01-12T03:27:00,Motivo: 476
T477,2010,EUR,2024-06-16T04:47:00,Motivo: 477
T478,28693,EUR,2024-04-04T04:33:00,Motivo: 478
T479,6536,USD,2024-04-11T16:58:00,Motivo: 479
T480,15020,EUR,2024-04-22T21:37:00,Motivo: 480
T481,11387,EUR,2024-09-04T01:20:00,Motivo: 481
T482,10190,GTQ,2024-11-06T03:49:00,Motivo: 482
T483,41171,EUR,2024-04-15T13:36:00,Motivo: 483
T484,30144,EUR,2024-12-23T17:19:00,Motivo: 484
T485,28762,EUR,2024-07-05T21:10:00,Motivo: 485
T486,1958,EUR,2024-05-15T04:42:00,Motivo: 486
T487,18324,GTQ,2024-12-26T03:41:00,Motivo: 487
T488,4694,EUR,2024-06-06T18:23:00,Motivo: 488
T489,24814,USD,2024-12-13T12:32:00,Motivo: 489
T490,30729,USD,2024-09-28T10:04:00,Motivo: 490
T491,15241,USD,2024-06-21T19:49:00,Motivo: 491
T492,5525,USD,2024-09-28T02:34:00,Motivo: 492
T493,4095,EUR,2024-07-25T11:35:00,Motivo: 493
T494,21372,GTQ,2024-01-06T05:34:00,Motivo: 494
T495,43491,EUR,2024-01-01T20:40:00,Motivo: 495
T496,15115,USD,2024-03-04T23:44:00,Motivo: 496
T497,2203,EUR,2024-02-25T16:21:00,Motivo: 497
T498,2406,USD,2024-06-21T04:56:00,Motivo: 498
T499,34292,EUR,2024-10-27T07:41:00,Motivo: 499
T500,4699,USD,2024-09-05T20:18:00,Motivo: 500
T501,14718,USD,2024-10-19T10:53:00,Motivo: 501
T502,8848,GTQ,2024-05-22T15:02:00,Motivo: 502
T503,14485,USD,2024-04-07T12:59:00,Motivo: 503
T504,34700,GTQ,2024-03-10T05:29:00,Motivo: 504
T505,29040,USD,2024-02-16T01:07:00,Motivo: 505
T506,33805,EUR,2024-11-28T08:42:00,Motivo: 506
T507,14019,GTQ,2024-05-13T23:06:00,Motivo: 507
T508,11493,EUR,2024-07-06T08:20:00,Motivo: 508
T509,18354,EUR,2024-04-05T16:05:00,Motivo: 509
T510,10714,GTQ,2024-02-04T21:42:00,Motivo: 510
T511,7344,USD,2024-03-07T13:36:00,Motivo: 511
T512,19903,EUR,2024-02-14T19:50:00,Motivo: 512
T513,48762,GTQ,2024-02-16T02:21:00,Motivo: 513
T514,9290,EUR,2024-07-26T16:28:00,Motivo: 514
T515,42887,GTQ,2024-06-28T04:59:00,Motivo: 515
T516,13342,GTQ,2024-04-17T18:46:00,Motivo: 516
T517,32321,USD,2024-05-18T16:44:00,Motivo: 517
T518,34898,USD,2024-01-10T19:55:00,Motivo: 518
T519,21029,USD,2024-03-21T03:20:00,Motivo: 519
T520,31235,GTQ,2024-12-06T22:08:00,Motivo: 520
T521,23446,GTQ,2024-09-16T13:44:00,Motivo: 521
T522,44771,GTQ,2024-03-28T17:00:00,Motivo: 522
T523,48729,USD,2024-07-17T11:43:00,Motivo: 523
T524,11414,GTQ,2024-12-03T00:33:00,Motivo: 524
T525,28816,GTQ,2024-08-03T13:22:00,Motivo: 525
T526,20526,GTQ,2024-01-26T03:02:00,Motivo: 526
T527,12855,USD,2024-12-22T21:09:00,Motivo: 527
T528,9272,GTQ,2024-01-09T12:10:00,Motivo: 528
T529,11700,EUR,2024-04-21T11:57:00,Motivo: 529
T530,19542,USD,2024-04-16T21:21:00,Motivo: 530
T531,11379,GTQ,2024-07-14T18:38:00,Motivo: 531
T532,30456,EUR,2024-12-01T22:58:00,Motivo: 532
T533,24375,GTQ,2024-08-16T03:37:00,Motivo: 533
T534,5144,GTQ,2024-11-21T02:32:00,Motivo: 534
T535,21092,GTQ,2024-09-08T20:47:00,Motivo: 535
T536,22222,EUR,2024-02-06T06:36:00,Motivo: 536
T537,12221,EUR,2024-10-07T23:52:00,Motivo: 537
T538,3609,EUR,2024-11-10T23:35:00,Motivo: 538
T539,43459,USD,2024-07-19T03:39:00,Motivo: 539
T540,24511,GTQ,2024-02-02T11:10:00,Motivo: 540
T541,4989,GTQ,2024-10-01T15:55:00,Motivo: 541
T542,9551,GTQ,2024-02-02T21:40:00,Motivo: 542
T543,26774,GTQ,2024-09-24T22:23:00,Motivo: 543
T544,34251,EUR,2024-11-16T09:43:00,Motivo: 544
T545,21547,GTQ,2024-02-07T06:43:00,Motivo: 545
T546,27998,GTQ,2024-02-26T23:09:00,Motivo: 546
T547,8895,EUR,2024-06-12T16:07:00,Motivo: 547
T548,9445,GTQ,2024-11-02T06:00:00,Motivo: 548
T549,11985,USD,2024-10-12T15:34:00,Motivo: 549
T550,3851,GTQ,2024-05-07T16:12:00,Motivo: 550
T551,28561,EUR,2024-08-04T02:26:00,Motivo: 551
T552,17877,EUR,2024-11-04T06:25:00,Motivo: 552
T553,20055,EUR,2024-01-04T16:51:00,Motivo: 553
T554,20751,GTQ,2024-10-28T12:07:00,Motivo: 554
T555,20207,GTQ,2024-11-13T04:03:00,Motivo: 555
T556,1344,EUR,2024-10-17T16:52:00,Motivo: 556
T557,48572,EUR,2024-07-10T16:13:00,Motivo: 557
T558,4771,EUR,2024-05-13T06:09:00,Motivo: 558
T559,11965,USD,2024-03-21T05:12:00,Motivo: 559
T560,13248,GTQ,2024-02-24T20:01:00,Motivo: 560
T561,8166,GTQ,2024-04-03T20:52:00,Motivo: 561
T562,33499,EUR,2024-02-21T03:42:00,Motivo: 562
T563,32194,EUR,2024-10-19T03:31:00,Motivo: 563
T564,8323,EUR,2024-08-18T18:43:00,Motivo: 564
T565,13656,EUR,2024-07-19T06:14:00,Motivo: 565
T566,8050,EUR,2024-06-16T07:56:00,Motivo: 566
T567,29053,GTQ,2024-05-20T02:33:00,Motivo: 567
T568,29660,USD,2024-01-25T23:51:00,Motivo: 568
T569,31120,EUR,2024-11-02T19:24:00,Motivo: 569
T570,3720,USD,2024-04-05T07:47:00,Motivo: 570
T571,28656,USD,2024-12-12T18:34:00,Motivo: 571
T572,18509,GTQ,2024-02-18T22:58:00,Motivo: 572
T573,4852,USD,2024-11-11T05:09:00,Motivo: 573
T574,22566,EUR,2024-01-24T17:06:00,Motivo: 574
T575,5247,USD,2024-06-05T01:09:00,Motivo: 575
T576,33304,EUR,2024-10-27T19:36:00,Motivo: 576
T577,19607,GTQ,2024-12-18T11:56:00,Motivo: 577
T578,4940,GTQ,2024-04-27T22:25:00,Motivo: 578
T579,2181,GTQ,2024-02-18T02:47:00,Motivo: 579
T580,6937,GTQ,2024-04-03T09:55:00,Motivo: 580
T581,41577,GTQ,2024-04-07T08:35:00,Motivo: 581
T582,6343,GTQ,2024-11-17T08:49:00,Motivo: 582
T583,16780,USD,2024-09-01T05:51:00,Motivo: 583
T584,30016,GTQ,2024-01-06T18:19:00,Motivo: 584
T585,25215,EUR,2024-12-14T07:41:00,Motivo: 585
T586,3844,USD,2024-11-09T11:38:00,Motivo: 586
T587,9216,USD,2024-02-02T05:29:00,Motivo: 587
T588,33864,GTQ,2024-05-11T07:49:00,Motivo: 588
T589,14701,EUR,2024-02-21T20:32:00,Motivo: 589
T590,12327,GTQ,2024-04-23T06:44:00,Motivo: 590
T591,30589,USD,2024-06-11T22:57:00,Motivo: 591
T592,14533,GTQ,2024-12-12T08:48:00,Motivo: 592
T593,12618,GTQ,2024-08-23T17:04:00,Motivo: 593
T594,34294,EUR,2024-01-28T19:23:00,Motivo: 594
T595,8559,USD,2024-07-24T12:40:00,Motivo: 595
T596,41349,USD,2024-06-15T00:27:00,Motivo: 596
T597,5162,USD,2024-06-28T23:58:00,Motivo: 597
T598,28985,EUR,2024-07-18T18:41:00,Motivo: 598
T599,2050,USD,2024-12-24T17:00:00,Motivo: 599
T600,33729,GTQ,2024-09-02T21:17:00,Motivo: 600
T601,22341,GTQ,2024-04-23T13:36:00,Motivo: 601
T602,25235,USD,2024-03-11T00:02:00,Motivo: 602
T603,19157,EUR,2024-01-09T09:04:00,Motivo: 603
T604,1616,EUR,2024-07-27T19:17:00,Motivo: 604
T605,23293,USD,2024-11-20T05:51:00,Motivo: 605
T606,5866,EUR,2024-07-28T03:14:00,Motivo: 606
T607,12842,USD,2024-04-20T05:21:00,Motivo: 607
T608,9264,GTQ,2024-02-04T18:05:00,Motivo: 608
T609,18581,USD,2024-02-17T14:16:00,Motivo: 609
T610,1689,EUR,2024-04-27T15:56:00,Motivo: 610
T611,41391,USD,2024-01-17T01:21:00,Motivo: 611
T612,2742,EUR,2024-03-24T08:14:00,Motivo: 612
T613,8208,USD,2024-07-03T02:00:00,Motivo: 613
T614,6161,EUR,2024-09-09T10:31:00,Motivo: 614
T615,27820,USD,2024-05-04T04:42:00,Motivo: 615
T616,8499,EUR,2024-12-04T10:01:00,Motivo: 616
T617,16921,EUR,2024-01-22T05:58:00,Motivo: 617
T618,41733,GTQ,2024-11-01T09:26:00,Motivo: 618
T619,9493,EUR,2024-11-18T11:12:00,Motivo: 619
T620,20533,GTQ,2024-08-25T07:30:00,Motivo: 620
T621,45965,EUR,2024-04-05T23:27:00,Motivo: 621
T622,13227,GTQ,2024-11-12T08:27:00,Motivo: 622
T623,33545,EUR,2024-09-15T13:23:00,Motivo: 623
T624,17123,USD,2024-08-23T02:45:00,Motivo: 624
T625,40138,USD,2024-04-28T12:50:00,Motivo: 625
T626,9032,EUR,2024-03-05T05:26:00,Motivo: 626
T627,16983,GTQ,2024-08-14T00:20:00,Motivo: 627
T628,9752,EUR,2024-09-19T13:32:00,Motivo: 628
T629,9167,GTQ,2024-08-14T19:09:00,Motivo: 629
T630,23632,EUR,2024-05-20T04:43:00,Motivo: 630
T631,32113,EUR,2024-06-04T06:16:00,Motivo: 631
T632,45440,USD,2024-09-03T12:53:00,Motivo: 632
T633,13591,EUR,2024-05-27T18:42:00,Motivo: 633
T634,19854,EUR,2024-12-01T06:33:00,Motivo: 634
T635,26938,EUR,2024-02-10T18:54:00,Motivo: 635
T636,26077,GTQ,2024-07-17T20:29:00,Motivo: 636
T637,14502,GTQ,2024-08-23T14:33:00,Motivo: 637
T638,24118,EUR,2024-12-02T15:39:00,Motivo: 638
T639,23922,USD,2024-11-03T04:49:00,Motivo: 639
T640,48131,EUR,2024-12-15T18:39:00,Motivo: 640
T641,14185,GTQ,2024-06-10T22:27:00,Motivo: 641
T642,7270,GTQ,2024-10-21T16:19:00,Motivo: 642
T643,40454,EUR,2024-03-05T20:21:00,Motivo: 643
T644,30697,EUR,2024-07-17T14:59:00,Motivo: 644
T645,14352,EUR,2024-06-28T01:53:00,Motivo: 645
T646,15415,USD,2024-06-23T14:28:00,Motivo: 646
T647,6623,EUR,2024-01-25T18:14:00,Motivo: 647
T648,29921,GTQ,2024-06-08T10:47:00,Motivo: 648
T649,7207,USD,2024-09-25T13:58:00,Motivo: 649
T650,2493,USD,2024-08-03T23:54:00,Motivo: 650
T651,18975,GTQ,2024-01-07T13:30:00,Motivo: 651
T652,12989,USD,2024-09-23T13:59:00,Motivo: 652
T653,12693,GTQ,2024-01-05T15:43:00,Motivo: 653
T654,9081,EUR,2024-01-21T01:43:00,Motivo: 654
T655,27117,USD,2024-09-22T17:30:00,Motivo: 655
T656,33009,EUR,2024-07-13T07:44:00,Motivo: 656
T657,15611,USD,2024-11-28T02:38:00,Motivo: 657
T658,2100,EUR,2024-06-04T09:17:00,Motivo: 658
T659,16409,USD,2024-04-27T00:31:00,Motivo: 659
T660,16197,EUR,2024-03-24T08:11:00,Motivo: 660
T661,13540,EUR,2024-12-08T02:04:00,Motivo: 661
T662,28838,GTQ,2024-08-12T11:37:00,Motivo: 662
T663,40519,USD,2024-08-07T23:14:00,Motivo: 663
T664,34420,EUR,2024-11-06T04:17:00,Motivo: 664
T665,847,GTQ,2024-08-22T08:44:00,Motivo: 665
T666,11797,USD,2024-05-17T07:58:00,Motivo: 666
T667,8816,USD,2024-05-02T21:41:00,Motivo: 667
T668,30129,USD,2024-06-20T01:08:00,Motivo: 668
T669,1521,GTQ,2024-12-28T09:59:00,Motivo: 669
T670,5852,USD,2024-08-16T09:21:00,Motivo: 670
T671,18052,GTQ,2024-12-25T14:45:00,Motivo: 671
T672,14407,USD,2024-02-16T12:38:00,Motivo: 672
T673,17276,USD,2024-10-27T16:08:00,Motivo: 673
T674,26944,GTQ,2024-09-22T16:36:00,Motivo: 674
T675,44454,EUR,2024-12-25T09:59:00,Motivo: 675
T676,31995,EUR,2024-11-25T14:37:00,Motivo: 676
T677,29745,USD,2024-06-21T01:19:00,Motivo: 677
T678,41616,GTQ,2024-06-16T18:36:00,Motivo: 678
T679,2582,EUR,2024-12-07T05:18:00,Motivo: 679
T680,13844,GTQ,2024-08-08T04:47:00,Motivo: 680
T681,13487,USD,2024-02-07T13:44:00,Motivo: 681
T682,10520,GTQ,2024-01-15T19:47:00,Motivo: 682
T683,34747,EUR,2024-04-25T04:34:00,Motivo: 683
T684,3271,GTQ,2024-04-09T19:46:00,Motivo: 684
T685,13197,USD,2024-04-24T01:40:00,Motivo: 685
T686,47483,USD,2024-03-03T13:32:00,Motivo: 686
T687,18983,EUR,2024-10-20T21:11:00,Motivo: 687
T688,4417,GTQ,2024-09-11T14:18:00,Motivo: 688
T689,17424,EUR,2024-06-15T20:59:00,Motivo: 689
T690,28127,USD,2024-11-10T16:13:00,Motivo: 690
T691,29995,GTQ,2024-03-20T04:26:00,Motivo: 691
T692,23871,EUR,2024-03-05T08:48:00,Motivo: 692
T693,19758,EUR,2024-05-03T15:42:00,Motivo: 693
T694,12664,GTQ,2024-11-20T12:10:00,Motivo: 694
T695,5568,GTQ,2024-06-16T04:46:00,Motivo: 695
T696,2303,GTQ,2024-09-23T14:09:00,Motivo: 696
T697,20356,GTQ,2024-08-08T06:29:00,Motivo: 697
T698,27366,GTQ,2024-11-21T05:09:00,Motivo: 698
T699,28496,EUR,2024-04-12T15:30:00,Motivo: 699
T700,41268,EUR,2024-02-04T21:29:00,Motivo: 700
T701,8445,GTQ,2024-01-05T12:25:00,Motivo: 701
T702,8136,USD,2024-10-05T01:07:00,Motivo: 702
T703,3052,USD,2024-02-07T16:45:00,Motivo: 703
T704,16673,USD,2024-11-03T19:30:00,Motivo: 704
T705,30170,EUR,2024-02-11T22:36:00,Motivo: 705
T706,1769,GTQ,2024-08-18T15:24:00,Motivo: 706
T707,16596,USD,2024-10-02T03:39:00,Motivo: 707
T708,19148,GTQ,2024-07-13T11:43:00,Motivo: 708
T709,27634,USD,2024-10-18T11:20:00,Motivo: 709
T710,13697,EUR,2024-03-24T10:35:00,Motivo: 710
T711,2843,USD,2024-07-03T06:32:00,Motivo: 711
T712,20435,USD,2024-09-13T17:50:00,Motivo: 712
T713,12774,GTQ,2024-05-17T07:57:00,Motivo: 713
T714,7268,EUR,2024-03-23T23:09:00,Motivo: 714
T715,32425,GTQ,2024-10-26T11:43:00,Motivo: 715
T716,29518,USD,2024-08-24T05:31:00,Motivo: 716
T717,44192,USD,2024-12-26T11:09:00,Motivo: 717
T718,1127,USD,2024-11-07T04:01:00,Motivo: 718
T719,17648,EUR,2024-11-01T15:39:00,Motivo: 719
T720,10307,USD,2024-05-22T09:56:00,Motivo: 720
T721,11133,EUR,2024-07-01T17:15:00,Motivo: 721
T722,7427,USD,2024-05-24T22:58:00,Motivo: 722
T723,2299,USD,2024-05-04T03:17:00,Motivo: 723
T724,15460,GTQ,2024-03-05T07:21:00,Motivo: 724
T725,14681,USD,2024-12-08T06:26:00,Motivo: 725
T726,9673,EUR,2024-08-19T06:58:00,Motivo: 726
T727,2044,GTQ,2024-10-19T09:50:00,Motivo: 727
T728,1493,GTQ,2024-02-01T01:12:00,Motivo: 728
T729,34582,GTQ,2024-09-03T08:16:00,Motivo: 729
T730,8096,GTQ,2024-07-16T12:19:00,Motivo: 730
T731,40530,EUR,2024-12-20T23:01:00,Motivo: 731
T732,12180,USD,2024-07-12T00:53:00,Motivo: 732
T733,19509,USD,2024-04-18T19:43:00,Motivo: 733
T734,46620,EUR,2024-06-26T12:48:00,Motivo: 734
T735,19456,GTQ,2024-11-21T04:57:00,Motivo: 735
T736,17816,GTQ,2024-10-27T13:33:00,Motivo: 736
T737,23999,USD,2024-07-28T09:01:00,Motivo: 737
T738,8462,EUR,2024-03-15T09:34:00,Motivo: 738
T739,15988,EUR,2024-08-09T06:25:00,Motivo: 739
T740,3499,EUR,2024-04-13T10:51:00,Motivo: 740
T741,1275,USD,2024-02-13T04:31:00,Motivo: 741
T742,13669,EUR,2024-05-28T06:05:00,Motivo: 742
T743,26444,GTQ,2024-01-18T07:48:00,Motivo: 743
T744,43374,GTQ,2024-09-24T04:37:00,Motivo: 744
T745,25190,GTQ,2024-12-25T20:11:00,Motivo: 745
T746,47789,EUR,2024-05-17T16:24:00,Motivo: 746
T747,15262,GTQ,2024-04-06T10:50:00,Motivo: 747
T748,46576,GTQ,2024-07-14T16:42:00,Motivo: 748
T749,5482,EUR,2024-12-08T05:59:00,Motivo: 749
T750,10174,EUR,2024-05-15T15:43:00,Motivo: 750
T751,9781,GTQ,2024-04-22T06:15:00,Motivo: 751
T752,10712,EUR,2024-09-08T17:50:00,Motivo: 752
T753,20586,EUR,2024-01-25T21:25:00,Motivo: 753
T754,6514,EUR,2024-06-15T17:01:00,Motivo: 754
T755,18414,GTQ,2024-01-13T12:22:00,Motivo: 755
T756,30654,GTQ,2024-02-26T01:59:00,Motivo: 756
T757,25128,USD,2024-04-11T14:01:00,Motivo: 757
T758,49519,USD,2024-02-08T15:31:00,Motivo: 758
T759,30693,USD,2024-05-22T07:45:00,Motivo: 759
T760,33801,USD,2024-07-10T08:44:00,Motivo: 760
T761,24168,USD,2024-12-13T22:03:00,Motivo: 761
T762,27877,USD,2024-02-25T20:23:00,Motivo: 762
T763,17691,USD,2024-09-13T21:54:00,Motivo: 763
T764,4179,GTQ,2024-01-16T22:53:00,Motivo: 764
T765,1335,GTQ,2024-10-01T02:33:00,Motivo: 765
T766,27057,GTQ,2024-01-11T18:04:00,Motivo: 766
T767,1473,USD,2024-03-22T00:01:00,Motivo: 767
T768,18702,USD,2024-08-26T23:55:00,Motivo: 768
T769,6219,USD,2024-02-13T10:54:00,Motivo: 769
T770,31180,GTQ,2024-09-24T09:06:00,Motivo: 770
T771,15823,EUR,2024-02-14T23:51:00,Motivo: 771
T772,25156,EUR,2024-05-02T16:30:00,Motivo: 772
T773,34668,USD,2024-04-19T14:45:00,Motivo: 773
T774,645,GTQ,2024-09-18T21:50:00,Motivo: 774
T775,16398,USD,2024-02-10T04:53:00,Motivo: 775
T776,15777,GTQ,2024-04-28T16:35:00,Motivo: 776
T777,14870,USD,2024-12-18T20:59:00,Motivo: 777
T778,33440,GTQ,2024-05-04T23:59:00,Motivo: 778
T779,30442,USD,2024-12-13T16:54:00,Motivo: 779
T780,11352,GTQ,2024-03-10T04:39:00,Motivo: 780
T781,12819,USD,2024-01-06T18:19:00,Motivo: 781
T782,46743,GTQ,2024-10-16T03:13:00,Motivo: 782
T783,7268,GTQ,2024-08-13T20:18:00,Motivo: 783
T784,3709,USD,2024-02-15T04:27:00,Motivo: 784
T785,18111,USD,2024-02-03T22:12:00,Motivo: 785
T786,8776,GTQ,2024-08-08T10:57:00,Motivo: 786
T787,28376,GTQ,2024-07-26T18:19:00,Motivo: 787
T788,22689,USD,2024-04-13T20:52:00,Motivo: 788
T789,33074,EUR,2024-06-17T22:10:00,Motivo: 789
T790,8775,GTQ,2024-01-01T09:57:00,Motivo: 790
T791,49889,USD,2024-01-11T04:04:00,Motivo: 791
T792,42491,GTQ,2024-03-02T05:15:00,Motivo: 792
T793,15849,USD,2024-04-19T08:02:00,Motivo: 793
T794,852,GTQ,2024-01-28T02:02:00,Motivo: 794
T795,21552,USD,2024-06-16T12:55:00,Motivo: 795
T796,13188,EUR,2024-12-23T04:39:00,Motivo: 796
T797,20216,GTQ,2024-12-28T00:41:00,Motivo: 797
T798,5946,EUR,2024-06-07T00:10:00,Motivo: 798
T799,1957,EUR,2024-09-20T10:22:00,Motivo: 799
T800,27138,GTQ,2024-12-26T07:10:00,Motivo: 800
T801,48216,GTQ,2024-12-24T17:54:00,Motivo: 801
T802,2096,USD,2024-06-12T12:38:00,Motivo: 802
T803,2802,USD,2024-11-12T17:57:00,Motivo: 803
T804,9970,EUR,2024-07-25T05:47:00,Motivo: 804
T805,44958,EUR,2024-09-03T04:15:00,Motivo: 805
T806,4854,GTQ,2024-12-09T09:06:00,Motivo: 806
T807,24132,EUR,2024-01-24T14:20:00,Motivo: 807
T808,32253,GTQ,2024-03-02T17:11:00,Motivo: 808
T809,17329,USD,2024-08-04T13:04:00,Motivo: 809
T810,25387,EUR,2024-10-06T23:50:00,Motivo: 810
T811,13572,USD,2024-09-28T04:02:00,Motivo: 811
T812,42502,USD,2024-01-10T08:06:00,Motivo: 812
T813,18489,USD,2024-09-22T05:05:00,Motivo: 813
T814,16518,EUR,2024-02-17T22:37:00,Motivo: 814
T815,29949,EUR,2024-02-05T14:14:00,Motivo: 815
T816,14903,GTQ,2024-05-03T23:33:00,Motivo: 816
T817,40187,GTQ,2024-02-09T14:40:00,Motivo: 817
T818,6133,GTQ,2024-11-08T09:34:00,Motivo: 818
T819,10430,EUR,2024-09-04T19:39:00,Motivo: 819
T820,9887,GTQ,2024-11-12T13:02:00,Motivo: 820
T821,11352,EUR,2024-12-27T09:41:00,Motivo: 821
T822,10347,USD,2024-09-05T23:42:00,Motivo: 822
T823,3075,EUR,2024-05-07T15:44:00,Motivo: 823
T824,26964,GTQ,2024-06-16T17:32:00,Motivo: 824
T825,23851,USD,2024-10-10T20:17:00,Motivo: 825
T826,14324,USD,2024-03-12T08:43:00,Motivo: 826
T827,32667,USD,2024-03-23T17:34:00,Motivo: 827
T828,2370,USD,2024-02-06T12:56:00,Motivo: 828
T829,31006,GTQ,2024-02-10T15:57:00,Motivo: 829
T830,23564,EUR,2024-06-02T20:29:00,Motivo: 830
T831,10948,GTQ,2024-02-21T13:08:00,Motivo: 831
T832,20812,EUR,2024-12-14T15:58:00,Motivo: 832
T833,19781,USD,2024-09-11T04:11:00,Motivo: 833
T834,43906,USD,2024-05-26T06:48:00,Motivo: 834
T835,23223,USD,2024-09-01T07:56:00,Motivo: 835
T836,31662,GTQ,2024-02-16T14:12:00,Motivo: 836
T837,8734,EUR,2024-01-10T06:15:00,Motivo: 837
T838,827,EUR,2024-07-16T09:12:00,Motivo: 838
T839,13194,EUR,2024-08-28T06:29:00,Motivo: 839
T840,46425,GTQ,2024-10-07T10:21:00,Motivo: 840
T841,24364,GTQ,2024-08-15T08:08:00,Motivo: 841
T842,9210,EUR,2024-12-09T17:03:00,Motivo: 842
T843,9313,USD,2024-08-11T17:11:00,Motivo: 843
T844,15584,USD,2024-02-19T01:47:00,Motivo: 844
T845,8478,EUR,2024-08-26T00:10:00,Motivo: 845
T846,16440,GTQ,2024-02-22T17:00:00,Motivo: 846
T847,20730,GTQ,2024-07-27T07:40:00,Motivo: 847
T848,49706,USD,2024-02-03T08:52:00,Motivo: 848
T849,30912,GTQ,2024-10-13T11:50:00,Motivo: 849
T850,6876,GTQ,2024-09-18T01:16:00,Motivo: 850
T851,24064,EUR,2024-08-19T05:21:00,Motivo: 851
T852,565,USD,2024-02-24T15:13:00,Motivo: 852
T853,13834,USD,2024-12-20T16:51:00,Motivo: 853
T854,2371,EUR,2024-08-14T00:06:00,Motivo: 854
T855,47490,USD,2024-05-28T00:36:00,Motivo: 855
T856,48314,EUR,2024-12-13T05:26:00,Motivo: 856
T857,16047,EUR,2024-11-11T21:52:00,Motivo: 857
T858,34578,EUR,2024-12-28T10:12:00,Motivo: 858
T859,34687,EUR,2024-12-05T22:53:00,Motivo: 859
T860,5886,EUR,2024-12-07T02:25:00,Motivo: 860
T861,17777,USD,2024-03-27T00:20:00,Motivo: 861
T862,5747,EUR,2024-12-23T02:04:00,Motivo: 862
T863,3600,GTQ,2024-03-20T09:21:00,Motivo: 863
T864,11335,USD,2024-05-18T22:44:00,Motivo: 864
T865,842,USD,2024-10-20T13:35:00,Motivo: 865
T866,2009,USD,2024-03-25T04:09:00,Motivo: 866
T867,14166,EUR,2024-05-16T13:39:00,Motivo: 867
T868,15476,EUR,2024-12-04T08:48:00,Motivo: 868
T869,25271,GTQ,2024-10-19T21:13:00,Motivo: 869
T870,2364,EUR,2024-04-18T22:11:00,Motivo: 870
T871,19320,USD,2024-03-18T05:05:00,Motivo: 871
T872,3830,GTQ,2024-12-18T05:53:00,Motivo: 872
T873,1002,USD,2024-08-23T07:23:00,Motivo: 873
T874,15467,USD,2024-02-24T02:10:00,Motivo: 874
T875,14455,GTQ,2024-07-15T10:27:00,Motivo: 875
T876,15622,EUR,2024-09-02T05:30:00,Motivo: 876
T877,7430,EUR,2024-11-27T00:50:00,Motivo: 877
T878,2234,GTQ,2024-05-26T18:43:00,Motivo: 878
T879,43932,USD,2024-04-14T00:10:00,Motivo: 879
T880,14721,USD,2024-12-01T02:49:00,Motivo: 880
T881,10588,EUR,2024-03-27T04:23:00,Motivo: 881
T882,22147,EUR,2024-08-09T11:19:00,Motivo: 882
T883,31798,GTQ,2024-08-05T06:57:00,Motivo: 883
T884,28152,USD,2024-05-11T14:54:00,Motivo: 884
T885,30389,USD,2024-02-13T18:06:00,Motivo: 885
T886,4857,USD,2024-09-19T12:40:00,Motivo: 886
T887,5992,USD,2024-02-27T18:49:00,Motivo: 887
T888,11520,EUR,2024-12-15T02:30:00,Motivo: 888
T889,47533,EUR,2024-07-11T22:14:00,Motivo: 889
T890,9687,GTQ,2024-01-28T00:27:00,Motivo: 890
T891,18389,EUR,2024-11-07T14:51:00,Motivo: 891
T892,12298,EUR,2024-09-14T15:05:00,Motivo: 892
T893,14458,GTQ,2024-01-26T19:06:00,Motivo: 893
T894,44492,EUR,2024-03-13T23:30:00,Motivo: 894
T895,31603,GTQ,2024-03-23T12:00:00,Motivo: 895
T896,31224,EUR,2024-11-23T12:46:00,Motivo: 896
T897,10348,USD,2024-04-06T13:41:00,Motivo: 897
T898,17442,EUR,2024-11-04T22:18:00,Motivo: 898
T899,16982,USD,2024-10-08T16:21:00,Motivo: 899
T900,21861,EUR,2024-09-15T11:31:00,Motivo: 900
T901,727,GTQ,2024-12-20T11:20:00,Motivo: 901
T902,507,GTQ,2024-12-17T02:11:00,Motivo: 902
T903,8346,EUR,2024-10-07T17:03:00,Motivo: 903
T904,10462,GTQ,2024-08-08T07:45:00,Motivo: 904
T905,8738,GTQ,2024-12-26T07:00:00,Motivo: 905
T906,40734,GTQ,2024-07-03T08:31:00,Motivo: 906
T907,24780,USD,2024-04-19T13:40:00,Motivo: 907
T908,21187,GTQ,2024-05-14T12:23:00,Motivo: 908
T909,31949,USD,2024-08-24T19:17:00,Motivo: 909
T910,47201,EUR,2024-10-23T12:30:00,Motivo: 910
T911,11640,GTQ,2024-04-05T05:56:00,Motivo: 911
T912,49277,GTQ,2024-06-20T19:48:00,Motivo: 912
T913,3516,USD,2024-05-28T10:52:00,Motivo: 913
T914,16010,EUR,2024-07-15T19:41:00,Motivo: 914
T915,30840,GTQ,2024-10-20T15:14:00,Motivo: 915
T916,3282,USD,2024-09-25T09:40:00,Motivo: 916
T917,19287,USD,2024-07-24T19:34:00,Motivo: 917
T918,41016,USD,2024-04-20T21:05:00,Motivo: 918
T919,8996,GTQ,2024-11-20T07:38:00,Motivo: 919
T920,30529,GTQ,2024-07-21T02:06:00,Motivo: 920
T921,14500,EUR,2024-02-22T22:52:00,Motivo: 921
T922,17547,EUR,2024-12-26T16:57:00,Motivo: 922
T923,3890,GTQ,2024-10-04T11:03:00,Motivo: 923
T924,17080,EUR,2024-05-02T10:22:00,Motivo: 924
T925,32513,EUR,2024-05-04T09:56:00,Motivo: 925
T926,13719,GTQ,2024-07-19T19:32:00,Motivo: 926
T927,2329,GTQ,2024-06-20T13:09:00,Motivo: 927
T928,7019,USD,2024-05-28T22:10:00,Motivo: 928
T929,33238,USD,2024-08-19T08:21:00,Motivo: 929
T930,28328,EUR,2024-02-07T14:26:00,Motivo: 930
T931,13743,USD,2024-01-04T23:01:00,Motivo: 931
T932,15286,USD,2024-02-22T16:40:00,Motivo: 932
T933,13797,EUR,2024-02-19T19:29:00,Motivo: 933
T934,25665,USD,2024-10-16T14:08:00,Motivo: 934
T935,8585,USD,2024-11-26T06:05:00,Motivo: 935
T936,15487,EUR,2024-12-28T10:02:00,Motivo: 936
T937,12165,GTQ,2024-10-24T05:14:00,Motivo: 937
T938,30903,USD,2024-11-27T05:05:00,Motivo: 938
T939,30570,USD,2024-10-09T08:15:00,Motivo: 939
T940,16170,EUR,2024-07-01T11:07:00,Motivo: 940
T941,29806,GTQ,2024-02-12T01:40:00,Motivo: 941
T942,27040,EUR,2024-01-11T18:14:00,Motivo: 942
T943,11368,USD,2024-01-12T13:23:00,Motivo: 943
T944,9613,USD,2024-05-27T14:33:00,Motivo: 944
T945,47506,USD,2024-01-16T01:26:00,Motivo: 945
T946,14308,USD,2024-09-19T15:03:00,Motivo: 946
T947,48987,GTQ,2024-06-11T15:22:00,Motivo: 947
T948,8975,EUR,2024-06-04T20:36:00,Motivo: 948
T949,18193,GTQ,2024-01-14T17:56:00,Motivo: 949
T950,25202,GTQ,2024-05-26T23:28:00,Motivo: 950
T951,2919,USD,2024-04-28T13:50:00,Motivo: 951
T952,26807,EUR,2024-09-28T13:36:00,Motivo: 952
T953,1089,USD,2024-06-25T15:11:00,Motivo: 953
T954,13652,USD,2024-08-11T12:02:00,Motivo: 954
T955,18223,EUR,2024-12-08T01:07:00,Motivo: 955
T956,10453,EUR,2024-11-12T14:16:00,Motivo: 956
T957,20779,USD,2024-10-25T18:11:00,Motivo: 957
T958,3011,GTQ,2024-10-05T12:52:00,Motivo: 958
T959,29776,EUR,2024-04-13T00:14:00,Motivo: 959
T960,14405,USD,2024-12-19T22:47:00,Motivo: 960
T961,25692,USD,2024-03-28T02:19:00,Motivo: 961
T962,43724,GTQ,2024-01-22T05:36:00,Motivo: 962
T963,7415,USD,2024-09-07T00:50:00,Motivo: 963
T964,1160,EUR,2024-02-24T01:27:00,Motivo: 964
T965,10654,USD,2024-02-25T13:46:00,Motivo: 965
T966,16867,GTQ,2024-06-06T03:29:00,Motivo: 966
T967,4579,GTQ,2024-05-07T20:14:00,Motivo: 967
T968,12597,GTQ,2024-11-15T09:52:00,Motivo: 968
T969,1513,USD,2024-03-09T06:06:00,Motivo: 969
T970,32901,GTQ,2024-05-07T03:59:00,Motivo: 970
T971,32140,USD,2024-09-25T16:01:00,Motivo: 971
T972,18979,GTQ,2024-04-12T20:02:00,Motivo: 972
T973,2751,USD,2024-01-20T01:29:00,Motivo: 973
T974,16956,GTQ,2024-08-28T18:36:00,Motivo: 974
T975,3898,GTQ,2024-05-25T17:22:00,Motivo: 975
T976,30525,EUR,2024-11-06T19:56:00,Motivo: 976
T977,1065,EUR,2024-02-01T07:52:00,Motivo: 977
T978,13173,USD,2024-02-10T07:44:00,Motivo: 978
T979,18060,USD,2024-01-28T06:32:00,Motivo: 979
T980,21626,EUR,2024-04-11T05:25:00,Motivo: 980
T981,15761,USD,2024-07-11T03:51:00,Motivo: 981
T982,4037,USD,2024-11-14T21:57:00,Motivo: 982
T983,10631,EUR,2024-08-27T16:32:00,Motivo: 983
T984,15743,EUR,2024-07-11T17:40:00,Motivo: 984
T985,26305,USD,2024-10-14T12:56:00,Motivo: 985
T986,27775,GTQ,2024-09-11T10:55:00,Motivo: 986
T987,2266,EUR,2024-06-21T22:31:00,Motivo: 987
T988,11507,GTQ,2024-02-10T18:50:00,Motivo: 988
T989,8294,USD,2024-02-13T14:07:00,Motivo: 989
T990,32435,EUR,2024-07-08T04:29:00,Motivo: 990
T991,10590,USD,2024-06-20T02:20:00,Motivo: 991
T992,9038,USD,2024-09-25T20:20:00,Motivo: 992
T993,30699,USD,2024-04-02T09:21:00,Motivo: 993
T994,844,USD,2024-02-26T05:38:00,Motivo: 994
T995,17868,EUR,2024-07-10T00:53:00,Motivo: 995
T996,27501,USD,2024-05-28T07:03:00,Motivo: 996
T997,7149,GTQ,2024-05-22T13:56:00,Motivo: 997
T998,9121,GTQ,2024-05-18T14:13:00,Motivo: 998
T999,30901,GTQ,2024-07-26T01:28:00,Motivo: 999
T1000,15006,USD,2024-09-02T01:11:00,Motivo: 1000
T1001,32434,USD,2024-02-27T17:35:00,Motivo: 1001
T1002,33522,USD,2024-01-21T08:31:00,Motivo: 1002
T1003,14618,GTQ,2024-03-09T00:33:00,Motivo: 1003
T1004,5629,GTQ,2024-07-06T08:05:00,Motivo: 1004
T1005,2935,GTQ,2024-06-10T05:39:00,Motivo: 1005
T1006,19998,EUR,2024-03-23T14:56:00,Motivo: 1006
T1007,19467,USD,2024-03-11T15:13:00,Motivo: 1007
T1008,2914,EUR,2024-04-19T14:26:00,Motivo: 1008
T1009,18320,USD,2024-10-25T22:40:00,Motivo: 1009
T1010,6878,EUR,2024-04-22T21:51:00,Motivo: 1010
T1011,29662,EUR,2024-11-11T06:30:00,Motivo: 1011
T1012,40252,GTQ,2024-01-09T21:37:00,Motivo: 1012
T1013,18344,GTQ,2024-09-17T21:58:00,Motivo: 1013
T1014,31502,GTQ,2024-03-19T09:34:00,Motivo: 1014
T1015,6624,GTQ,2024-05-01T13:03:00,Motivo: 1015
T1016,13687,USD,2024-11-28T23:39:00,Motivo: 1016
T1017,33118,EUR,2024-03-15T10:44:00,Motivo: 1017
T1018,8454,EUR,2024-11-23T09:11:00,Motivo: 1018
T1019,8255,EUR,2024-09-12T04:43:00,Motivo: 1019
T1020,45799,EUR,2024-07-15T05:26:00,Motivo: 1020
T1021,14015,EUR,2024-05-26T06:27:00,Motivo: 1021
T1022,23822,EUR,2024-09-14T19:17:00,Motivo: 1022
T1023,7137,GTQ,2024-08-16T06:43:00,Motivo: 1023
T1024,33701,USD,2024-06-19T20:10:00,Motivo: 1024
T1025,1775,USD,2024-02-02T18:53:00,Motivo: 1025
T1026,25993,GTQ,2024-12-09T21:17:00,Motivo: 1026
T1027,11191,EUR,2024-09-20T07:40:00,Motivo: 1027
T1028,33957,EUR,2024-03-14T17:47:00,Motivo: 1028
T1029,42038,GTQ,2024-01-04T00:23:00,Motivo: 1029
T1030,11692,EUR,2024-06-23T16:23:00,Motivo: 1030
T1031,22214,USD,2024-07-04T07:19:00,Motivo: 1031
T1032,27036,USD,2024-09-17T05:43:00,Motivo: 1032
T1033,8047,GTQ,2024-11-28T22:29:00,Motivo: 1033
T1034,28958,USD,2024-07-27T03:37:00,Motivo: 1034
T1035,5431,EUR,2024-03-24T11:49:00,Motivo: 1035
T1036,16514,EUR,2024-06-20T13:09:00,Motivo: 1036
T1037,29070,USD,2024-02-01T05:58:00,Motivo: 1037
T1038,14821,EUR,2024-02-06T06:25:00,Motivo: 1038
T1039,3958,USD,2024-05-06T00:47:00,Motivo: 1039
T1040,29731,GTQ,2024-03-16T17:52:00,Motivo: 1040
T1041,26550,GTQ,2024-06-09T05:04:00,Motivo: 1041
T1042,2218,GTQ,2024-11-28T07:45:00,Motivo: 1042
T1043,2805,GTQ,2024-06-21T06:05:00,Motivo: 1043
T1044,16592,EUR,2024-01-10T14:04:00,Motivo: 1044
T1045,23881,EUR,2024-04-22T06:57:00,Motivo: 1045
T1046,24278,EUR,2024-04-13T12:28:00,Motivo: 1046
T1047,28328,EUR,2024-10-04T19:06:00,Motivo: 1047
T1048,10214,GTQ,2024-12-10T14:19:00,Motivo: 1048
T1049,4832,EUR,2024-12-10T01:24:00,Motivo: 1049
T1050,29105,EUR,2024-11-18T16:57:00,Motivo: 1050
T1051,44850,GTQ,2024-04-24T12:19:00,Motivo: 1051
T1052,11578,USD,2024-07-27T08:48:00,Motivo: 1052
T1053,12686,EUR,2024-10-19T15:03:00,Motivo: 1053
T1054,24223,EUR,2024-11-22T07:59:00,Motivo: 1054
T1055,1658,USD,2024-05-04T10:31:00,Motivo: 1055
T1056,2606,USD,2024-06-16T09:39:00,Motivo: 1056
T1057,28780,GTQ,2024-04-05T08:01:00,Motivo: 1057
T1058,9915,GTQ,2024-08-16T14:08:00,Motivo: 1058
T1059,15759,GTQ,2024-02-04T19:30:00,Motivo: 1059
T1060,23525,USD,2024-11-21T02:25:00,Motivo: 1060
T1061,4184,USD,2024-08-05T18:48:00,Motivo: 1061
T1062,3859,EUR,2024-10-05T00:24:00,Motivo: 1062
T1063,23291,GTQ,2024-07-18T20:26:00,Motivo: 1063
T1064,22349,EUR,2024-12-28T11:38:00,Motivo: 1064
T1065,27316,GTQ,2024-09-15T21:24:00,Motivo: 1065
T1066,5478,USD,2024-05-07T05:14:00,Motivo: 1066
T1067,26079,USD,2024-04-27T17:09:00,Motivo: 1067
T1068,13570,GTQ,2024-05-15T02:46:00,Motivo: 1068
T1069,17389,USD,2024-08-07T20:21:00,Motivo: 1069
T1070,16219,GTQ,2024-02-25T16:59:00,Motivo: 1070
T1071,6768,GTQ,2024-08-27T08:38:00,Motivo: 1071
T1072,28742,EUR,2024-08-16T06:57:00,Motivo: 1072
T1073,17824,EUR,2024-08-28T08:14:00,Motivo: 1073
T1074,21681,USD,2024-03-08T14:21:00,Motivo: 1074
T1075,2895,USD,2024-06-19T11:22:00,Motivo: 1075
T1076,42719,GTQ,2024-12-01T19:00:00,Motivo: 1076
T1077,1804,EUR,2024-08-09T01:50:00,Motivo: 1077
T1078,42603,USD,2024-07-27T03:22:00,Motivo: 1078
T1079,28174,GTQ,2024-09-01T11:08:00,Motivo: 1079
T1080,40470,GTQ,2024-12-05T06:35:00,Motivo: 1080
T1081,40745,GTQ,2024-02-28T14:56:00,Motivo: 1081
T1082,47892,USD,2024-09-18T10:15:00,Motivo: 1082
T1083,26656,EUR,2024-05-04T10:54:00,Motivo: 1083
T1084,9475,USD,2024-05-12T09:37:00,Motivo: 1084
T1085,46016,GTQ,2024-01-11T20:51:00,Motivo: 1085
T1086,44561,EUR,2024-12-25T12:52:00,Motivo: 1086
T1087,26066,GTQ,2024-11-26T23:30:00,Motivo: 1087
T1088,8735,USD,2024-08-13T12:05:00,Motivo: 1088
T1089,11952,GTQ,2024-02-26T19:02:00,Motivo: 1089
T1090,13809,GTQ,2024-02-05T12:20:00,Motivo: 1090
T1091,33577,EUR,2024-11-27T14:44:00,Motivo: 1091
T1092,12013,EUR,2024-07-25T06:51:00,Motivo: 1092
T1093,1515,EUR,2024-02-21T19:50:00,Motivo: 1093
T1094,13185,EUR,2024-11-15T00:26:00,Motivo: 1094
T1095,20474,EUR,2024-11-27T00:53:00,Motivo: 1095
T1096,16951,USD,2024-06-10T06:19:00,Motivo: 1096
T1097,23908,GTQ,2024-07-10T12:58:00,Motivo: 1097
T1098,15539,GTQ,2024-03-09T14:00:00,Motivo: 1098
T1099,45920,EUR,2024-06-15T14:44:00,Motivo: 1099
T1100,40096,USD,2024-05-20T22:39:00,Motivo: 1100
T1101,16224,EUR,2024-09-15T13:17:00,Motivo: 1101
T1102,2889,USD,2024-08-13T15:36:00,Motivo: 1102
T1103,18472,GTQ,2024-10-03T14:33:00,Motivo: 1103
T1104,3218,USD,2024-07-12T06:16:00,Motivo: 1104
T1105,13727,GTQ,2024-11-20T04:50:00,Motivo: 1105
T1106,11166,GTQ,2024-04-18T04:45:00,Motivo: 1106
T1107,28740,EUR,2024-01-20T09:31:00,Motivo: 1107
T1108,33658,EUR,2024-09-26T17:48:00,Motivo: 1108
T1109,23154,GTQ,2024-08-20T12:38:00,Motivo: 1109
T1110,21617,GTQ,2024-02-08T13:22:00,Motivo: 1110
T1111,42861,USD,2024-01-15T16:06:00,Motivo: 1111
T1112,12084,EUR,2024-03-13T15:08:00,Motivo: 1112
T1113,30944,EUR,2024-02-19T07:23:00,Motivo: 1113
T1114,14965,GTQ,2024-05-11T20:40:00,Motivo: 1114
T1115,9057,GTQ,2024-04-12T03:37:00,Motivo: 1115
T1116,6026,GTQ,2024-10-18T16:15:00,Motivo: 1116
T1117,9724,GTQ,2024-07-27T09:32:00,Motivo: 1117
T1118,16430,USD,2024-11-09T23:57:00,Motivo: 1118
T1119,12409,EUR,2024-06-09T04:26:00,Motivo: 1119
T1120,6799,USD,2024-08-13T15:09:00,Motivo: 1120
T1121,26237,EUR,2024-11-05T23:10:00,Motivo: 1121
T1122,45961,EUR,2024-01-17T03:30:00,Motivo: 1122
T1123,24094,GTQ,2024-12-28T07:46:00,Motivo: 1123
T1124,12984,EUR,2024-09-26T21:36:00,Motivo: 1124
T1125,9940,GTQ,2024-01-08T15:53:00,Motivo: 1125
T1126,14424,GTQ,2024-08-09T05:57:00,Motivo: 1126
T1127,6613,GTQ,2024-12-12T10:31:00,Motivo: 1127
T1128,14952,USD,2024-04-16T22:13:00,Motivo: 1128
T1129,24334,USD,2024-12-26T02:50:00,Motivo: 1129
T1130,7001,EUR,2024-10-22T10:57:00,Motivo: 1130
T1131,9438,GTQ,2024-07-28T07:40:00,Motivo: 1131
T1132,16629,EUR,2024-06-15T16:19:00,Motivo: 1132
T1133,12199,GTQ,2024-11-25T10:47:00,Motivo: 1133
T1134,21550,USD,2024-07-13T20:10:00,Motivo: 1134
T1135,10350,GTQ,2024-04-11T04:37:00,Motivo: 1135
T1136,11401,EUR,2024-05-17T18:38:00,Motivo: 1136
T1137,17049,EUR,2024-01-02T06:27:00,Motivo: 1137
T1138,1572,USD,2024-05-02T12:49:00,Motivo: 1138
T1139,48027,EUR,2024-08-23T13:10:00,Motivo: 1139
T1140,9038,USD,2024-10-11T06:55:00,Motivo: 1140
T1141,11973,USD,2024-08-23T22:47:00,Motivo: 1141
T1142,5187,USD,2024-08-24T18:13:00,Motivo: 1142
T1143,8248,GTQ,2024-05-12T13:42:00,Motivo: 1143
T1144,15182,USD,2024-10-08T15:08:00,Motivo: 1144
T1145,41356,USD,2024-07-06T00:19:00,Motivo: 1145
T1146,7446,GTQ,2024-03-03T18:05:00,Motivo: 1146
T1147,11457,EUR,2024-06-19T08:07:00,Motivo: 1147
T1148,19094,EUR,2024-09-27T07:09:00,Motivo: 1148
T1149,12412,EUR,2024-11-26T09:21:00,Motivo: 1149
T1150,8760,GTQ,2024-01-07T09:30:00,Motivo: 1150
T1151,3115,USD,2024-10-04T20:17:00,Motivo: 1151
T1152,8119,EUR,2024-06-09T07:19:00,Motivo: 1152
T1153,30988,EUR,2024-12-06T11:12:00,Motivo: 1153
T1154,4239,USD,2024-04-27T23:40:00,Motivo: 1154
T1155,34172,GTQ,2024-04-01T22:09:00,Motivo: 1155
T1156,7373,EUR,2024-06-08T19:06:00,Motivo: 1156
T1157,4651,GTQ,2024-01-07T19:00:00,Motivo: 1157
T1158,9994,USD,2024-07-03T16:17:00,Motivo: 1158
T1159,9773,GTQ,2024-07-13T07:16:00,Motivo: 1159
T1160,19524,USD,2024-05-06T01:13:00,Motivo: 1160
T1161,40070,EUR,2024-04-20T20:46:00,Motivo: 1161
T1162,9438,EUR,2024-02-20T01:58:00,Motivo: 1162
T1163,11165,EUR,2024-01-25T14:15:00,Motivo: 1163
T1164,24699,USD,2024-04-26T03:18:00,Motivo: 1164
T1165,2504,EUR,2024-12-24T13:23:00,Motivo: 1165
T1166,11672,USD,2024-11-25T14:12:00,Motivo: 1166
T1167,4899,EUR,2024-10-25T07:24:00,Motivo: 1167
T1168,48408,EUR,2024-11-25T13:05:00,Motivo: 1168
T1169,33496,GTQ,2024-11-13T04:49:00,Motivo: 1169
T1170,10087,GTQ,2024-02-28T09:24:00,Motivo: 1170
T1171,3768,EUR,2024-02-05T21:39:00,Motivo: 1171
T1172,1956,GTQ,2024-04-17T09:17:00,Motivo: 1172
T1173,18917,GTQ,2024-08-19T17:21:00,Motivo: 1173
T1174,22435,EUR,2024-09-06T01:46:00,Motivo: 1174
T1175,13108,USD,2024-12-08T14:07:00,Motivo: 1175
T1176,1747,USD,2024-03-22T18:47:00,Motivo: 1176
T1177,28789,EUR,2024-11-12T05:27:00,Motivo: 1177
T1178,2515,EUR,2024-02-08T02:24:00,Motivo: 1178
T1179,17375,EUR,2024-12-03T21:44:00,Motivo: 1179
T1180,18664,USD,2024-03-04T04:12:00,Motivo: 1180
T1181,40051,USD,2024-08-08T04:29:00,Motivo: 1181
T1182,10506,EUR,2024-03-25T13:49:00,Motivo: 1182
T1183,6382,USD,2024-03-15T13:12:00,Motivo: 1183
T1184,46491,USD,2024-02-04T05:43:00,Motivo: 1184
T1185,8908,GTQ,2024-06-21T05:22:00,Motivo: 1185
T1186,8001,EUR,2024-09-24T18:28:00,Motivo: 1186
T1187,26076,USD,2024-07-26T01:13:00,Motivo: 1187
T1188,40605,GTQ,2024-09-26T18:04:00,Motivo: 1188
T1189,10877,GTQ,2024-06-15T06:52:00,Motivo: 1189
T1190,33654,EUR,2024-01-21T01:31:00,Motivo: 1190
T1191,46796,EUR,2024-10-09T14:10:00,Motivo: 1191
T1192,33762,USD,2024-07-08T16:18:00,Motivo: 1192
T1193,28311,EUR,2024-09-13T14:52:00,Motivo: 1193
T1194,11651,GTQ,2024-07-10T00:34:00,Motivo: 1194
T1195,33620,USD,2024-01-26T20:13:00,Motivo: 1195
T1196,1689,GTQ,2024-11-23T19:59:00,Motivo: 1196
T1197,40401,GTQ,2024-01-22T19:28:00,Motivo: 1197
T1198,43946,GTQ,2024-04-27T20:35:00,Motivo: 1198
T1199,19727,USD,2024-11-21T09:17:00,Motivo: 1199
T1200,17873,USD,2024-07-26T20:57:00,Motivo: 1200
T1201,11098,GTQ,2024-06-01T22:16:00,Motivo: 1201
T1202,16437,GTQ,2024-11-09T06:47:00,Motivo: 1202
T1203,11009,USD,2024-08-09T14:23:00,Motivo: 1203
T1204,22087,GTQ,2024-11-06T20:58:00,Motivo: 1204
T1205,32625,GTQ,2024-12-13T20:55:00,Motivo: 1205
T1206,40436,GTQ,2024-12-19T12:33:00,Motivo: 1206
T1207,9081,EUR,2024-02-13T03:39:00,Motivo: 1207
T1208,22876,EUR,2024-02-08T23:15:00,Motivo: 1208
T1209,11681,USD,2024-03-27T22:38:00,Motivo: 1209
T1210,8264,EUR,2024-09-06T19:40:00,Motivo: 1210
T1211,9130,GTQ,2024-02-18T16:41:00,Motivo: 1211
T1212,34066,GTQ,2024-11-17T21:43:00,Motivo: 1212
T1213,25144,GTQ,2024-09-12T20:32:00,Motivo: 1213
T1214,45544,EUR,2024-06-06T06:26:00,Motivo: 1214
T1215,11168,EUR,2024-05-22T03:26:00,Motivo: 1215
T1216,25623,GTQ,2024-01-18T23:52:00,Motivo: 1216
T1217,16539,GTQ,2024-07-19T04:09:00,Motivo: 1217
T1218,16215,EUR,2024-05-09T21:29:00,Motivo: 1218
T1219,33125,EUR,2024-01-16T09:30:00,Motivo: 1219
T1220,42603,EUR,2024-08-19T05:27:00,Motivo: 1220
T1221,9855,USD,2024-02-14T22:18:00,Motivo: 1221
T1222,12816,GTQ,2024-08-21T11:48:00,Motivo: 1222
T1223,20064,USD,2024-06-01T02:40:00,Motivo: 1223
T1224,19248,GTQ,2024-06-25T05:00:00,Motivo: 1224
T1225,8547,GTQ,2024-09-27T18:16:00,Motivo: 1225
T1226,10160,USD,2024-08-24T20:13:00,Motivo: 1226
T1227,20718,USD,2024-02-19T08:39:00,Motivo: 1227
T1228,14281,USD,2024-12-12T04:36:00,Motivo: 1228
T1229,26626,GTQ,2024-03-21T12:09:00,Motivo: 1229
T1230,6859,USD,2024-05-10T07:00:00,Motivo: 1230
T1231,607,EUR,2024-05-09T02:38:00,Motivo: 1231
T1232,5374,GTQ,2024-11-10T09:03:00,Motivo: 1232
T1233,33410,USD,2024-11-24T18:24:00,Motivo: 1233
T1234,34681,USD,2024-02-03T01:54:00,Motivo: 1234
T1235,4942,GTQ,2024-09-19T11:12:00,Motivo: 1235
T1236,24717,USD,2024-07-26T03:54:00,Motivo: 1236
T1237,27101,GTQ,2024-08-22T21:52:00,Motivo: 1237
T1238,32774,USD,2024-06-10T15:08:00,Motivo: 1238
T1239,8588,USD,2024-11-24T05:06:00,Motivo: 1239
T1240,16766,GTQ,2024-05-14T22:09:00,Motivo: 1240
T1241,21714,EUR,2024-12-16T18:39:00,Motivo: 1241
T1242,18353,GTQ,2024-09-27T16:20:00,Motivo: 1242
T1243,16745,USD,2024-12-04T15:59:00,Motivo: 1243
T1244,10312,EUR,2024-05-26T00:58:00,Motivo: 1244
T1245,9369,GTQ,2024-10-27T20:25:00,Motivo: 1245
T1246,15071,EUR,2024-06-06T10:45:00,Motivo: 1246
T1247,5700,USD,2024-01-28T06:44:00,Motivo: 1247
T1248,16106,USD,2024-07-04T06:09:00,Motivo: 1248
T1249,15534,EUR,2024-10-10T12:24:00,Motivo: 1249
T1250,45904,USD,2024-04-01T05:58:00,Motivo: 1250
T1251,11554,GTQ,2024-03-28T04:31:00,Motivo: 1251
T1252,3265,USD,2024-05-06T10:42:00,Motivo: 1252
T1253,16333,GTQ,2024-05-21T22:49:00,Motivo: 1253
T1254,20805,GTQ,2024-10-10T17:58:00,Motivo: 1254
T1255,13706,GTQ,2024-10-10T23:28:00,Motivo: 1255
T1256,16483,GTQ,2024-03-09T23:20:00,Motivo: 1256
T1257,6035,EUR,2024-02-03T04:20:00,Motivo: 1257
T1258,29885,USD,2024-08-28T06:46:00,Motivo: 1258
T1259,40308,USD,2024-06-16T14:02:00,Motivo: 1259
T1260,1275,USD,2024-06-04T06:54:00,Motivo: 1260
T1261,18827,EUR,2024-07-14T08:57:00,Motivo: 1261
T1262,17300,EUR,2024-08-04T21:33:00,Motivo: 1262
T1263,20998,EUR,2024-07-27T04:31:00,Motivo: 1263
T1264,30387,EUR,2024-09-10T01:07:00,Motivo: 1264
T1265,17734,USD,2024-08-01T21:21:00,Motivo: 1265
T1266,28915,EUR,2024-01-13T02:19:00,Motivo: 1266
T1267,27251,USD,2024-04-25T15:32:00,Motivo: 1267
T1268,8204,GTQ,2024-12-17T11:50:00,Motivo: 1268
T1269,15943,USD,2024-08-16T09:40:00,Motivo: 1269
T1270,33386,USD,2024-12-14T14:12:00,Motivo: 1270
T1271,19378,EUR,2024-01-25T22:55:00,Motivo: 1271
T1272,23489,EUR,2024-06-28T17:54:00,Motivo: 1272
T1273,8922,USD,2024-10-22T02:02:00,Motivo: 1273
T1274,18032,USD,2024-04-03T18:39:00,Motivo: 1274
T1275,8433,EUR,2024-12-18T23:47:00,Motivo: 1275
T1276,23798,EUR,2024-06-01T23:12:00,Motivo: 1276
T1277,19995,GTQ,2024-12-19T01:08:00,Motivo: 1277
T1278,9400,USD,2024-12-18T20:09:00,Motivo: 1278
T1279,16869,GTQ,2024-03-19T21:24:00,Motivo: 1279
T1280,11828,GTQ,2024-02-21T12:53:00,Motivo: 1280
T1281,18520,USD,2024-01-08T12:17:00,Motivo: 1281
T1282,6011,GTQ,2024-08-04T17:51:00,Motivo: 1282
T1283,17268,GTQ,2024-04-05T12:40:00,Motivo: 1283
T1284,6674,USD,2024-06-20T10:25:00,Motivo: 1284
T1285,18065,USD,2024-06-15T14:16:00,Motivo: 1285
T1286,14963,GTQ,2024-04-03T18:37:00,Motivo: 1286
T1287,32506,EUR,2024-07-23T00:14:00,Motivo: 1287
T1288,34419,EUR,2024-06-08T03:05:00,Motivo: 1288
T1289,4678,USD,2024-12-03T21:10:00,Motivo: 1289
T1290,12789,EUR,2024-08-09T04:25:00,Motivo: 1290
T1291,2278,EUR,2024-01-08T21:49:00,Motivo: 1291
T1292,11147,USD,2024-10-24T02:39:00,Motivo: 1292
T1293,30312,GTQ,2024-01-05T06:57:00,Motivo: 1293
T1294,2445,USD,2024-04-25T00:43:00,Motivo: 1294
T1295,11823,EUR,2024-02-19T13:59:00,Motivo: 1295
T1296,25212,GTQ,2024-04-26T01:17:00,Motivo: 1296
T1297,29089,EUR,2024-02-22T06:45:00,Motivo: 1297
T1298,32025,GTQ,2024-02-05T17:31:00,Motivo: 1298
T1299,32971,USD,2024-03-16T13:49:00,Motivo: 1299
T1300,15708,GTQ,2024-03-12T03:44:00,Motivo: 1300
T1301,27086,EUR,2024-10-08T13:09:00,Motivo: 1301
T1302,34510,EUR,2024-07-21T06:34:00,Motivo: 1302
T1303,11311,GTQ,2024-11-10T02:44:00,Motivo: 1303
T1304,45520,EUR,2024-08-02T12:05:00,Motivo: 1304
T1305,23667,EUR,2024-08-11T03:24:00,Motivo: 1305
T1306,23254,GTQ,2024-02-24T06:15:00,Motivo: 1306
T1307,14810,GTQ,2024-05-27T07:31:00,Motivo: 1307
T1308,46779,GTQ,2024-05-23T18:02:00,Motivo: 1308
T1309,10072,USD,2024-07-06T12:38:00,Motivo: 1309
T1310,5556,GTQ,2024-02-18T02:53:00,Motivo: 1310
T1311,33737,EUR,2024-07-15T02:07:00,Motivo: 1311
T1312,16760,USD,2024-09-28T03:00:00,Motivo: 1312
T1313,3813,GTQ,2024-11-12T09:32:00,Motivo: 1313
T1314,13307,USD,2024-03-22T13:45:00,Motivo: 1314
T1315,16372,EUR,2024-02-19T10:20:00,Motivo: 1315
T1316,31819,GTQ,2024-04-27T07:25:00,Motivo: 1316
T1317,7465,USD,2024-02-28T11:23:00,Motivo: 1317
T1318,13397,GTQ,2024-08-23T03:56:00,Motivo: 1318
T1319,33686,GTQ,2024-09-04T19:56:00,Motivo: 1319
T1320,26302,GTQ,2024-03-19T12:41:00,Motivo: 1320
T1321,16363,GTQ,2024-08-17T19:32:00,Motivo: 1321
T1322,14164,GTQ,2024-04-03T02:01:00,Motivo: 1322
T1323,2158,EUR,2024-09-22T16:54:00,Motivo: 1323
T1324,47689,GTQ,2024-09-18T03:50:00,Motivo: 1324
T1325,49300,USD,2024-05-28T22:54:00,Motivo: 1325
T1326,13261,EUR,2024-03-17T07:33:00,Motivo: 1326
T1327,6817,GTQ,2024-02-05T17:33:00,Motivo: 1327
T1328,25739,GTQ,2024-05-17T21:39:00,Motivo: 1328
T1329,31965,USD,2024-05-15T12:27:00,Motivo: 1329
T1330,40783,GTQ,2024-07-09T11:44:00,Motivo: 1330
T1331,16707,GTQ,2024-12-16T20:54:00,Motivo: 1331
T1332,13693,GTQ,2024-02-23T23:32:00,Motivo: 1332
T1333,15455,GTQ,2024-10-24T22:55:00,Motivo: 1333
T1334,32411,USD,2024-05-24T22:02:00,Motivo: 1334
T1335,25240,GTQ,2024-07-13T18:16:00,Motivo: 1335
T1336,48851,USD,2024-05-15T11:50:00,Motivo: 1336
T1337,18125,EUR,2024-10-03T22:49:00,Motivo: 1337
T1338,26953,GTQ,2024-03-19T04:30:00,Motivo: 1338
T1339,8953,GTQ,2024-09-15T02:27:00,Motivo: 1339
T1340,18501,GTQ,2024-03-25T16:49:00,Motivo: 1340
T1341,9734,USD,2024-04-08T14:32:00,Motivo: 1341
T1342,2484,GTQ,2024-12-05T19:27:00,Motivo: 1342
T1343,4853,GTQ,2024-05-20T13:10:00,Motivo: 1343
T1344,30304,GTQ,2024-12-15T07:07:00,Motivo: 1344
T1345,33565,GTQ,2024-04-22T01:33:00,Motivo: 1345
T1346,10179,GTQ,2024-08-11T10:17:00,Motivo: 1346
T1347,2994,USD,2024-07-01T16:57:00,Motivo: 1347
T1348,26578,GTQ,2024-09-03T08:49:00,Motivo: 1348
T1349,2033,EUR,2024-11-07T19:35:00,Motivo: 1349
T1350,13825,GTQ,2024-09-15T10:26:00,Motivo: 1350
T1351,46039,USD,2024-01-10T01:40:00,Motivo: 1351
T1352,19638,EUR,2024-10-26T12:54:00,Motivo: 1352
T1353,15808,EUR,2024-04-05T14:51:00,Motivo: 1353
T1354,41780,GTQ,2024-06-18T03:29:00,Motivo: 1354
T1355,18498,EUR,2024-05-26T13:12:00,Motivo: 1355
T1356,18948,USD,2024-08-22T03:15:00,Motivo: 1356
T1357,14250,EUR,2024-07-16T16:42:00,Motivo: 1357
T1358,41251,GTQ,2024-11-11T01:18:00,Motivo: 1358
T1359,41886,USD,2024-12-04T17:11:00,Motivo: 1359
T1360,24702,GTQ,2024-08-27T05:10:00,Motivo: 1360
T1361,3930,USD,2024-05-05T02:54:00,Motivo: 1361
T1362,28200,EUR,2024-05-01T13:48:00,Motivo: 1362
T1363,41348,EUR,2024-05-26T15:25:00,Motivo: 1363
T1364,21343,GTQ,2024-08-27T13:20:00,Motivo: 1364
T1365,33711,EUR,2024-12-18T20:00:00,Motivo: 1365
T1366,6650,EUR,2024-05-04T09:36:00,Motivo: 1366
T1367,12598,USD,2024-11-06T08:54:00,Motivo: 1367
T1368,34476,EUR,2024-02-27T03:33:00,Motivo: 1368
T1369,7310,EUR,2024-04-26T21:13:00,Motivo: 1369
T1370,573,USD,2024-08-28T08:06:00,Motivo: 1370
T1371,13615,EUR,2024-11-18T18:12:00,Motivo: 1371
T1372,19642,USD,2024-05-01T01:04:00,Motivo: 1372
T1373,17488,EUR,2024-02-14T03:54:00,Motivo: 1373
T1374,7387,EUR,2024-11-26T15:46:00,Motivo: 1374
T1375,12963,USD,2024-11-23T09:26:00,Motivo: 1375
T1376,11113,USD,2024-03-19T16:44:00,Motivo: 1376
T1377,5825,GTQ,2024-08-20T19:02:00,Motivo: 1377
T1378,7493,EUR,2024-06-10T01:13:00,Motivo: 1378
T1379,7447,USD,2024-07-26T05:22:00,Motivo: 1379
T1380,27993,GTQ,2024-06-02T03:22:00,Motivo: 1380
T1381,34083,EUR,2024-03-22T13:54:00,Motivo: 1381
T1382,14868,GTQ,2024-01-26T19:10:00,Motivo: 1382
T1383,14980,USD,2024-07-08T22:00:00,Motivo: 1383
T1384,31484,GTQ,2024-06-28T03:48:00,Motivo: 1384
T1385,30407,EUR,2024-03-20T18:45:00,Motivo: 1385
T1386,29300,GTQ,2024-08-05T14:25:00,Motivo: 1386
T1387,19085,EUR,2024-12-28T07:58:00,Motivo: 1387
T1388,26058,EUR,2024-07-01T01:28:00,Motivo: 1388
T1389,12904,EUR,2024-06-18T22:34:00,Motivo: 1389
T1390,16842,GTQ,2024-09-20T12:32:00,Motivo: 1390
T1391,27957,GTQ,2024-01-19T17:32:00,Motivo: 1391
T1392,8864,USD,2024-01-28T13:58:00,Motivo: 1392
T1393,17164,USD,2024-11-08T02:19:00,Motivo: 1393
T1394,10285,EUR,2024-05-02T12:38:00,Motivo: 1394
T1395,10804,EUR,2024-02-13T09:20:00,Motivo: 1395
T1396,2376,EUR,2024-08-26T19:37:00,Motivo: 1396
T1397,1133,EUR,2024-09-23T17:00:00,Motivo: 1397
T1398,12726,USD,2024-08-08T03:39:00,Motivo: 1398
T1399,19138,GTQ,2024-08-27T03:16:00,Motivo: 1399
T1400,12616,GTQ,2024-03-01T22:57:00,Motivo: 1400
T1401,11734,USD,2024-07-12T08:03:00,Motivo: 1401
T1402,30726,USD,2024-05-27T07:59:00,Motivo: 1402
T1403,833,USD,2024-06-23T07:03:00,Motivo: 1403
T1404,21734,USD,2024-06-02T16:44:00,Motivo: 1404
T1405,7100,GTQ,2024-06-06T19:33:00,Motivo: 1405
T1406,17182,EUR,2024-03-05T13:21:00,Motivo: 1406
T1407,2279,GTQ,2024-11-03T23:50:00,Motivo: 1407
T1408,33765,USD,2024-06-20T06:57:00,Motivo: 1408
T1409,18302,EUR,2024-03-24T02:49:00,Motivo: 1409
T1410,32694,EUR,2024-09-17T21:27:00,Motivo: 1410
T1411,26515,USD,2024-04-25T05:13:00,Motivo: 1411
T1412,13812,GTQ,2024-11-10T15:21:00,Motivo: 1412
T1413,30462,EUR,2024-05-08T18:05:00,Motivo: 1413
T1414,23686,EUR,2024-12-13T08:56:00,Motivo: 1414
T1415,34952,EUR,2024-04-07T22:28:00,Motivo: 1415
T1416,43929,GTQ,2024-10-26T11:18:00,Motivo: 1416
T1417,28042,USD,2024-08-20T05:06:00,Motivo: 1417
T1418,13654,EUR,2024-08-13T21:13:00,Motivo: 1418
T1419,11517,GTQ,2024-08-28T05:29:00,Motivo: 1419
T1420,4716,GTQ,2024-01-25T19:10:00,Motivo: 1420
T1421,40607,GTQ,2024-05-18T05:55:00,Motivo: 1421
T1422,17128,USD,2024-05-23T05:31:00,Motivo: 1422
T1423,14003,USD,2024-07-22T03:51:00,Motivo: 1423
T1424,2426,USD,2024-08-22T11:12:00,Motivo: 1424
T1425,15328,GTQ,2024-05-02T23:55:00,Motivo: 1425
T1426,17671,USD,2024-03-10T08:15:00,Motivo: 1426
T1427,13427,GTQ,2024-08-10T01:19:00,Motivo: 1427
T1428,29291,USD,2024-01-23T21:57:00,Motivo: 1428
T1429,26226,USD,2024-11-11T22:17:00,Motivo: 1429
T1430,15999,USD,2024-08-10T17:32:00,Motivo: 1430
T1431,8337,GTQ,2024-10-16T04:11:00,Motivo: 1431
T1432,11938,GTQ,2024-04-08T11:00:00,Motivo: 1432
T1433,4278,USD,2024-10-26T20:51:00,Motivo: 1433
T1434,17360,GTQ,2024-07-17T14:22:00,Motivo: 1434
T1435,2718,EUR,2024-08-08T10:51:00,Motivo: 1435
T1436,22292,GTQ,2024-10-21T19:32:00,Motivo: 1436
T1437,9173,USD,2024-11-10T02:26:00,Motivo: 1437
T1438,18501,GTQ,2024-08-16T02:29:00,Motivo: 1438
T1439,6411,GTQ,2024-05-05T07:51:00,Motivo: 1439
T1440,18433,USD,2024-03-04T03:52:00,Motivo: 1440
T1441,24653,GTQ,2024-07-26T23:57:00,Motivo: 1441
T1442,20089,EUR,2024-04-07T02:30:00,Motivo: 1442
T1443,19329,EUR,2024-11-04T04:44:00,Motivo: 1443
T1444,5482,USD,2024-06-07T00:26:00,Motivo: 1444
T1445,14511,GTQ,2024-08-05T16:02:00,Motivo: 1445
T1446,22833,EUR,2024-04-26T09:18:00,Motivo: 1446
T1447,26440,EUR,2024-02-16T19:09:00,Motivo: 1447
T1448,49595,USD,2024-02-16T04:41:00,Motivo: 1448
T1449,2156,GTQ,2024-03-26T16:10:00,Motivo: 1449
T1450,24102,EUR,2024-08-21T16:57:00,Motivo: 1450
T1451,32952,GTQ,2024-07-09T07:44:00,Motivo: 1451
T1452,8875,GTQ,2024-12-11T00:47:00,Motivo: 1452
T1453,2124,EUR,2024-08-05T05:31:00,Motivo: 1453
T1454,10627,USD,2024-07-28T21:19:00,Motivo: 1454
T1455,48782,USD,2024-04-25T21:51:00,Motivo: 1455
T1456,10256,EUR,2024-04-26T00:42:00,Motivo: 1456
T1457,8579,GTQ,2024-04-17T11:31:00,Motivo: 1457
T1458,1906,GTQ,2024-01-12T07:43:00,Motivo: 1458
T1459,17802,EUR,2024-09-21T05:50:00,Motivo: 1459
T1460,43373,USD,2024-06-15T22:03:00,Motivo: 1460
T1461,27586,EUR,2024-02-22T05:52:00,Motivo: 1461
T1462,43447,GTQ,2024-03-21T13:07:00,Motivo: 1462
T1463,17227,USD,2024-11-05T19:09:00,Motivo: 1463
T1464,41533,USD,2024-01-15T17:12:00,Motivo: 1464
T1465,23578,USD,2024-09-10T15:32:00,Motivo: 1465
T1466,11147,USD,2024-07-15T04:15:00,Motivo: 1466
T1467,31515,EUR,2024-04-26T17:53:00,Motivo: 1467
T1468,12848,USD,2024-09-21T03:28:00,Motivo: 1468
T1469,15888,USD,2024-01-11T04:15:00,Motivo: 1469
T1470,4868,EUR,2024-10-05T12:26:00,Motivo: 1470
T1471,19949,USD,2024-11-22T23:30:00,Motivo: 1471
T1472,31198,USD,2024-06-01T23:27:00,Motivo: 1472
T1473,2823,EUR,2024-10-27T15:37:00,Motivo: 1473
T1474,44779,EUR,2024-09-05T16:00:00,Motivo: 1474
T1475,23949,USD,2024-01-20T01:35:00,Motivo: 1475
T1476,41451,EUR,2024-05-18T05:48:00,Motivo: 1476
T1477,17148,USD,2024-12-13T10:53:00,Motivo: 1477
T1478,16820,GTQ,2024-03-13T06:15:00,Motivo: 1478
T1479,5908,USD,2024-01-01T18:58:00,Motivo: 1479
T1480,31336,GTQ,2024-01-06T17:26:00,Motivo: 1480
T1481,19475,GTQ,2024-02-22T08:51:00,Motivo: 1481
T1482,29961,EUR,2024-04-12T03:02:00,Motivo: 1482
T1483,16169,USD,2024-02-05T05:21:00,Motivo: 1483
T1484,17076,USD,2024-11-03T20:14:00,Motivo: 1484
T1485,13262,USD,2024-06-06T16:36:00,Motivo: 1485
T1486,18461,EUR,2024-12-18T08:26:00,Motivo: 1486
T1487,11039,USD,2024-10-16T12:01:00,Motivo: 1487
T1488,29393,GTQ,2024-09-08T01:26:00,Motivo: 1488
T1489,49352,USD,2024-04-22T09:56:00,Motivo: 1489
T1490,801,USD,2024-06-28T13:40:00,Motivo: 1490
T1491,20780,USD,2024-03-28T08:41:00,Motivo: 1491
T1492,20687,USD,2024-11-21T19:41:00,Motivo: 1492
T1493,9558,GTQ,2024-09-22T03:09:00,Motivo: 1493
T1494,19021,EUR,2024-05-26T05:53:00,Motivo: 1494
T1495,28132,USD,2024-11-21T22:14:00,Motivo: 1495
T1496,608,EUR,2024-08-15T13:01:00,Motivo: 1496
T1497,46252,EUR,2024-09-05T12:18:00,Motivo: 1497
T1498,9987,EUR,2024-05-27T11:24:00,Motivo: 1498
T1499,17647,USD,2024-02-20T06:20:00,Motivo: 1499
T1500,46271,USD,2024-12-10T02:03:00,Motivo: 1500
T1501,1351,GTQ,2024-06-07T17:28:00,Motivo: 1501
T1502,24071,USD,2024-04-16T10:30:00,Motivo: 1502
T1503,17687,GTQ,2024-01-18T09:05:00,Motivo: 1503
T1504,23767,EUR,2024-11-23T12:54:00,Motivo: 1504
T1505,10139,USD,2024-07-18T10:02:00,Motivo: 1505
T1506,12595,GTQ,2024-04-22T18:37:00,Motivo: 1506
T1507,5996,EUR,2024-06-13T10:23:00,Motivo: 1507
T1508,16231,GTQ,2024-12-02T14:50:00,Motivo: 1508
T1509,4687,USD,2024-11-08T22:52:00,Motivo: 1509
T1510,45038,GTQ,2024-02-15T07:45:00,Motivo: 1510
T1511,23871,EUR,2024-03-20T13:26:00,Motivo: 1511
T1512,49159,GTQ,2024-08-03T06:34:00,Motivo: 1512
T1513,5496,GTQ,2024-03-08T23:46:00,Motivo: 1513
T1514,27355,USD,2024-08-28T21:22:00,Motivo: 1514
T1515,33947,GTQ,2024-01-08T09:44:00,Motivo: 1515
T1516,3548,GTQ,2024-09-19T18:11:00,Motivo: 1516
T1517,8906,GTQ,2024-07-28T07:31:00,Motivo: 1517
T1518,3184,EUR,2024-08-23T14:36:00,Motivo: 1518
T1519,1164,GTQ,2024-12-16T13:55:00,Motivo: 1519
T1520,6359,EUR,2024-05-08T21:32:00,Motivo: 1520
T1521,23597,EUR,2024-01-04T13:00:00,Motivo: 1521
T1522,24856,USD,2024-08-24T02:24:00,Motivo: 1522
T1523,5544,EUR,2024-09-05T03:57:00,Motivo: 1523
T1524,31960,USD,2024-09-14T16:44:00,Motivo: 1524
T1525,33934,GTQ,2024-07-27T09:48:00,Motivo: 1525
T1526,1522,EUR,2024-04-22T00:03:00,Motivo: 1526
T1527,18427,EUR,2024-04-01T03:51:00,Motivo: 1527
T1528,28224,GTQ,2024-12-15T08:21:00,Motivo: 1528
T1529,45205,EUR,2024-12-23T22:55:00,Motivo: 1529
T1530,34117,EUR,2024-06-03T03:56:00,Motivo: 1530
T1531,47308,GTQ,2024-01-26T11:49:00,Motivo: 1531
T1532,32055,USD,2024-04-04T06:52:00,Motivo: 1532
T1533,4574,GTQ,2024-04-21T13:23:00,Motivo: 1533
T1534,42601,USD,2024-11-18T12:29:00,Motivo: 1534
T1535,1877,GTQ,2024-09-03T01:04:00,Motivo: 1535
T1536,8270,GTQ,2024-10-19T21:25:00,Motivo: 1536
T1537,29387,EUR,2024-08-04T11:57:00,Motivo: 1537
T1538,23370,GTQ,2024-04-21T17:46:00,Motivo: 1538
T1539,29285,USD,2024-03-08T14:01:00,Motivo: 1539
T1540,16064,EUR,2024-07-23T00:23:00,Motivo: 1540
T1541,3000,USD,2024-07-06T04:01:00,Motivo: 1541
T1542,45884,EUR,2024-04-12T03:43:00,Motivo: 1542
T1543,34284,USD,2024-11-02T03:57:00,Motivo: 1543
T1544,19085,GTQ,2024-03-03T04:47:00,Motivo: 1544
T1545,17864,EUR,2024-08-12T14:27:00,Motivo: 1545
T1546,24760,EUR,2024-02-22T05:04:00,Motivo: 1546
T1547,24298,USD,2024-06-22T15:43:00,Motivo: 1547
T1548,16519,USD,2024-02-17T12:44:00,Motivo: 1548
T1549,41635,GTQ,2024-05-18T20:17:00,Motivo: 1549
T1550,2305,USD,2024-08-27T10:07:00,Motivo: 1550
T1551,2423,USD,2024-07-21T18:14:00,Motivo: 1551
T1552,4111,USD,2024-07-15T06:13:00,Motivo: 1552
T1553,9751,GTQ,2024-09-03T04:45:00,Motivo: 1553
T1554,24442,EUR,2024-11-19T07:31:00,Motivo: 1554
T1555,17576,GTQ,2024-12-23T02:37:00,Motivo: 1555
T1556,15328,USD,2024-12-26T03:44:00,Motivo: 1556
T1557,9760,GTQ,2024-03-04T02:18:00,Motivo: 1557
T1558,16564,EUR,2024-01-24T16:46:00,Motivo: 1558
T1559,21371,GTQ,2024-10-13T07:41:00,Motivo: 1559
T1560,44474,GTQ,2024-10-19T06:53:00,Motivo: 1560
T1561,14912,GTQ,2024-08-07T13:10:00,Motivo: 1561
T1562,9749,GTQ,2024-01-05T04:55:00,Motivo: 1562
T1563,45047,EUR,2024-06-01T17:44:00,Motivo: 1563
T1564,16803,USD,2024-09-17T00:51:00,Motivo: 1564
T1565,47035,EUR,2024-12-20T19:19:00,Motivo: 1565
T1566,1320,GTQ,2024-09-21T00:57:00,Motivo: 1566
T1567,11368,GTQ,2024-04-04T10:48:00,Motivo: 1567
T1568,30352,USD,2024-10-13T12:49:00,Motivo: 1568
T1569,48201,USD,2024-08-19T10:38:00,Motivo: 1569
T1570,26600,USD,2024-11-01T10:43:00,Motivo: 1570
T1571,8688,GTQ,2024-11-13T15:17:00,Motivo: 1571
T1572,3503,GTQ,2024-03-17T05:44:00,Motivo: 1572
T1573,14228,GTQ,2024-09-18T06:31:00,Motivo: 1573
T1574,17126,GTQ,2024-07-03T13:30:00,Motivo: 1574
T1575,10160,EUR,2024-07-26T18:41:00,Motivo: 1575
T1576,24096,GTQ,2024-11-02T06:11:00,Motivo: 1576
T1577,32048,EUR,2024-04-05T09:49:00,Motivo: 1577
T1578,21599,GTQ,2024-12-26T10:30:00,Motivo: 1578
T1579,28819,EUR,2024-08-24T03:32:00,Motivo: 1579
T1580,16289,GTQ,2024-11-01T18:55:00,Motivo: 1580
T1581,15990,GTQ,2024-03-19T01:08:00,Motivo: 1581
T1582,14497,USD,2024-12-03T09:17:00,Motivo: 1582
T1583,3089,USD,2024-01-27T02:04:00,Motivo: 1583
T1584,11823,USD,2024-12-05T20:26:00,Motivo: 1584
T1585,22510,GTQ,2024-06-25T17:24:00,Motivo: 1585
T1586,23636,GTQ,2024-07-12T10:04:00,Motivo: 1586
T1587,17749,GTQ,2024-12-17T04:59:00,Motivo: 1587
T1588,25350,USD,2024-03-20T11:43:00,Motivo: 1588
T1589,8774,EUR,2024-10-02T14:59:00,Motivo: 1589
T1590,11660,GTQ,2024-03-08T13:53:00,Motivo: 1590
T1591,42295,USD,2024-11-19T10:44:00,Motivo: 1591
T1592,16760,GTQ,2024-10-25T14:33:00,Motivo: 1592
T1593,30727,EUR,2024-09-05T21:44:00,Motivo: 1593
T1594,1994,USD,2024-05-19T20:54:00,Motivo: 1594
T1595,30268,EUR,2024-03-03T20:39:00,Motivo: 1595
T1596,42814,USD,2024-09-10T13:59:00,Motivo: 1596
T1597,26701,USD,2024-03-05T03:20:00,Motivo: 1597
T1598,13816,USD,2024-08-11T04:20:00,Motivo: 1598
T1599,5895,GTQ,2024-05-16T04:04:00,Motivo: 1599
T1600,31934,EUR,2024-05-01T18:25:00,Motivo: 1600
T1601,21428,GTQ,2024-08-24T09:08:00,Motivo: 1601
T1602,43227,GTQ,2024-12-18T01:45:00,Motivo: 1602
T1603,22699,EUR,2024-04-12T01:52:00,Motivo: 1603
T1604,16319,GTQ,2024-05-13T11:40:00,Motivo: 1604
T1605,33579,GTQ,2024-08-26T11:57:00,Motivo: 1605
T1606,20645,USD,2024-09-19T15:51:00,Motivo: 1606
T1607,14570,GTQ,2024-02-21T12:30:00,Motivo: 1607
T1608,20762,GTQ,2024-10-24T00:31:00,Motivo: 1608
T1609,19061,GTQ,2024-04-27T16:28:00,Motivo: 1609
T1610,12583,USD,2024-04-09T11:58:00,Motivo: 1610
T1611,23714,GTQ,2024-01-07T21:09:00,Motivo: 1611
T1612,20930,USD,2024-05-23T01:16:00,Motivo: 1612
T1613,2567,USD,2024-08-18T18:30:00,Motivo: 1613
T1614,2762,GTQ,2024-10-12T02:20:00,Motivo: 1614
T1615,6878,GTQ,2024-12-09T04:06:00,Motivo: 1615
T1616,42696,GTQ,2024-06-05T08:48:00,Motivo: 1616
T1617,13144,GTQ,2024-08-23T20:55:00,Motivo: 1617
T1618,33303,USD,2024-10-19T12:30:00,Motivo: 1618
T1619,23741,GTQ,2024-05-27T03:17:00,Motivo: 1619
T1620,33599,GTQ,2024-06-12T13:28:00,Motivo: 1620
T1621,6169,EUR,2024-06-07T19:06:00,Motivo: 1621
T1622,29854,GTQ,2024-09-02T18:30:00,Motivo: 1622
T1623,11595,EUR,2024-01-02T02:42:00,Motivo: 1623
T1624,48351,USD,2024-02-10T11:24:00,Motivo: 1624
T1625,13430,USD,2024-04-22T05:58:00,Motivo: 1625
T1626,20788,EUR,2024-11-17T01:10:00,Motivo: 1626
T1627,27472,EUR,2024-11-22T02:37:00,Motivo: 1627
T1628,10735,EUR,2024-04-07T23:59:00,Motivo: 1628
T1629,44395,USD,2024-11-07T15:53:00,Motivo: 1629
T1630,16609,GTQ,2024-02-24T04:14:00,Motivo: 1630
T1631,11558,USD,2024-07-06T16:13:00,Motivo: 1631
T1632,6991,EUR,2024-07-24T22:50:00,Motivo: 1632
T1633,19065,USD,2024-10-20T19:03:00,Motivo: 1633
T1634,10066,GTQ,2024-03-19T02:22:00,Motivo: 1634
T1635,15059,GTQ,2024-09-14T22:43:00,Motivo: 1635
T1636,43362,EUR,2024-04-25T15:48:00,Motivo: 1636
T1637,15175,GTQ,2024-07-20T14:03:00,Motivo: 1637
T1638,20929,GTQ,2024-04-22T16:37:00,Motivo: 1638
T1639,1572,USD,2024-08-12T07:45:00,Motivo: 1639
T1640,33690,EUR,2024-10-15T03:37:00,Motivo: 1640
T1641,15555,GTQ,2024-12-22T21:57:00,Motivo: 1641
T1642,18498,EUR,2024-09-10T03:44:00,Motivo: 1642
T1643,5237,GTQ,2024-12-02T04:04:00,Motivo: 1643
T1644,782,GTQ,2024-06-25T01:51:00,Motivo: 1644
T1645,19671,GTQ,2024-12-21T09:23:00,Motivo: 1645
T1646,12654,EUR,2024-03-19T19:44:00,Motivo: 1646
T1647,12624,EUR,2024-05-01T01:46:00,Motivo: 1647
T1648,9926,USD,2024-09-05T19:51:00,Motivo: 1648
T1649,32052,USD,2024-05-04T06:16:00,Motivo: 1649
T1650,45933,EUR,2024-10-02T19:41:00,Motivo: 1650
T1651,3879,EUR,2024-02-07T08:56:00,Motivo: 1651
T1652,15680,USD,2024-09-05T02:29:00,Motivo: 1652
T1653,11309,EUR,2024-10-08T07:18:00,Motivo: 1653
T1654,33224,GTQ,2024-02-22T21:33:00,Motivo: 1654
T1655,17806,GTQ,2024-02-04T08:40:00,Motivo: 1655
T1656,20648,USD,2024-12-12T16:34:00,Motivo: 1656
T1657,18094,EUR,2024-01-25T10:41:00,Motivo: 1657
T1658,12646,EUR,2024-01-11T00:24:00,Motivo: 1658
T1659,6072,USD,2024-03-13T02:56:00,Motivo: 1659
T1660,1137,EUR,2024-06-22T11:09:00,Motivo: 1660
T1661,18097,EUR,2024-08-02T12:00:00,Motivo: 1661
T1662,1600,EUR,2024-11-04T05:00:00,Motivo: 1662
T1663,9346,EUR,2024-10-02T03:58:00,Motivo: 1663
T1664,4774,GTQ,2024-07-25T17:57:00,Motivo: 1664
T1665,9784,USD,2024-07-14T08:23:00,Motivo: 1665
T1666,28544,GTQ,2024-12-24T13:35:00,Motivo: 1666
T1667,1271,EUR,2024-05-19T07:33:00,Motivo: 1667
T1668,31226,GTQ,2024-05-27T06:11:00,Motivo: 1668
T1669,47895,USD,2024-06-07T14:27:00,Motivo: 1669
T1670,48022,GTQ,2024-07-02T18:54:00,Motivo: 1670
T1671,16909,EUR,2024-10-04T06:15:00,Motivo: 1671
T1672,16092,EUR,2024-12-26T07:41:00,Motivo: 1672
T1673,14144,GTQ,2024-11-20T18:52:00,Motivo: 1673
T1674,18166,GTQ,2024-11-19T11:07:00,Motivo: 1674
T1675,22333,USD,2024-04-23T15:17:00,Motivo: 1675
T1676,18896,GTQ,2024-09-19T13:47:00,Motivo: 1676
T1677,22098,GTQ,2024-01-04T18:22:00,Motivo: 1677
T1678,7262,GTQ,2024-08-03T15:49:00,Motivo: 1678
T1679,11419,USD,2024-04-10T02:21:00,Motivo: 1679
T1680,21813,EUR,2024-04-03T03:41:00,Motivo: 1680
T1681,6465,EUR,2024-12-22T20:52:00,Motivo: 1681
T1682,25469,USD,2024-07-18T10:59:00,Motivo: 1682
T1683,41673,USD,2024-07-12T11:19:00,Motivo: 1683
T1684,15040,USD,2024-11-26T14:32:00,Motivo: 1684
T1685,22910,USD,2024-02-05T03:46:00,Motivo: 1685
T1686,4065,GTQ,2024-06-26T11:49:00,Motivo: 1686
T1687,15677,EUR,2024-06-08T06:10:00,Motivo: 1687
T1688,10630,EUR,2024-11-12T12:03:00,Motivo: 1688
T1689,9965,GTQ,2024-06-05T13:39:00,Motivo: 1689
T1690,4509,USD,2024-06-12T01:57:00,Motivo: 1690
T1691,11417,GTQ,2024-08-25T02:16:00,Motivo: 1691
T1692,32781,GTQ,2024-01-12T23:41:00,Motivo: 1692
T1693,28130,GTQ,2024-02-20T11:38:00,Motivo: 1693
T1694,25880,USD,2024-10-21T06:47:00,Motivo: 1694
T1695,14025,GTQ,2024-03-26T07:03:00,Motivo: 1695
T1696,43505,USD,2024-01-18T03:39:00,Motivo: 1696
T1697,4705,EUR,2024-08-19T08:48:00,Motivo: 1697
T1698,29300,USD,2024-12-16T12:02:00,Motivo: 1698
T1699,27627,USD,2024-12-04T00:47:00,Motivo: 1699
T1700,27075,EUR,2024-01-21T12:20:00,Motivo: 1700
T1701,13212,GTQ,2024-04-11T14:14:00,Motivo: 1701
T1702,48568,EUR,2024-02-18T04:32:00,Motivo: 1702
T1703,22335,USD,2024-08-18T02:52:00,Motivo: 1703
T1704,29982,EUR,2024-05-28T02:21:00,Motivo: 1704
T1705,16185,GTQ,2024-03-14T06:07:00,Motivo: 1705
T1706,26421,EUR,2024-04-11T16:18:00,Motivo: 1706
T1707,47810,GTQ,2024-12-22T03:40:00,Motivo: 1707
T1708,5462,EUR,2024-03-23T23:19:00,Motivo: 1708
T1709,16800,EUR,2024-08-11T11:00:00,Motivo: 1709
T1710,7064,GTQ,2024-08-06T21:12:00,Motivo: 1710
T1711,15184,EUR,2024-05-14T01:06:00,Motivo: 1711
T1712,5975,EUR,2024-09-12T18:01:00,Motivo: 1712
T1713,26335,EUR,2024-06-06T04:22:00,Motivo: 1713
T1714,33753,GTQ,2024-05-12T23:14:00,Motivo: 1714
T1715,3711,GTQ,2024-12-24T06:29:00,Motivo: 1715
T1716,19237,USD,2024-05-27T17:34:00,Motivo: 1716
T1717,20039,USD,2024-07-09T18:04:00,Motivo: 1717
T1718,34592,GTQ,2024-02-07T03:21:00,Motivo: 1718
T1719,23877,GTQ,2024-07-10T21:34:00,Motivo: 1719
T1720,34390,EUR,2024-08-21T07:47:00,Motivo: 1720
T1721,18439,USD,2024-04-16T13:12:00,Motivo: 1721
T1722,41418,USD,2024-06-06T15:29:00,Motivo: 1722
T1723,21585,GTQ,2024-02-24T16:11:00,Motivo: 1723
T1724,26204,GTQ,2024-01-05T08:49:00,Motivo: 1724
T1725,24246,EUR,2024-07-12T00:08:00,Motivo: 1725
T1726,11981,GTQ,2024-07-12T23:18:00,Motivo: 1726
T1727,17181,USD,2024-03-17T21:45:00,Motivo: 1727
T1728,3263,USD,2024-09-16T14:14:00,Motivo: 1728
T1729,5449,GTQ,2024-03-16T23:41:00,Motivo: 1729
T1730,23234,GTQ,2024-04-01T06:57:00,Motivo: 1730
T1731,41112,GTQ,2024-02-01T16:25:00,Motivo: 1731
T1732,8595,EUR,2024-06-22T08:26:00,Motivo: 1732
T1733,44650,EUR,2024-10-19T04:56:00,Motivo: 1733
T1734,3439,EUR,2024-12-17T12:05:00,Motivo: 1734
T1735,6127,GTQ,2024-03-05T20:56:00,Motivo: 1735
T1736,16086,USD,2024-04-03T17:32:00,Motivo: 1736
T1737,27846,EUR,2024-12-10T02:56:00,Motivo: 1737
T1738,5350,EUR,2024-10-25T14:03:00,Motivo: 1738
T1739,27099,GTQ,2024-09-26T05:45:00,Motivo: 1739
T1740,13605,GTQ,2024-12-08T09:08:00,Motivo: 1740
T1741,24819,EUR,2024-06-13T00:13:00,Motivo: 1741
T1742,13281,EUR,2024-04-23T21:01:00,Motivo: 1742
T1743,32279,EUR,2024-10-02T07:32:00,Motivo: 1743
T1744,7024,USD,2024-11-25T13:01:00,Motivo: 1744
T1745,30785,USD,2024-03-21T14:13:00,Motivo: 1745
T1746,19140,USD,2024-05-23T17:11:00,Motivo: 1746
T1747,23322,EUR,2024-05-15T06:51:00,Motivo: 1747
T1748,12234,GTQ,2024-04-14T07:45:00,Motivo: 1748
T1749,5904,EUR,2024-10-15T05:03:00,Motivo: 1749
T1750,48580,GTQ,2024-09-08T23:29:00,Motivo: 1750
T1751,2043,GTQ,2024-10-27T02:54:00,Motivo: 1751
T1752,26157,EUR,2024-01-27T09:14:00,Motivo: 1752
T1753,15624,GTQ,2024-10-19T23:37:00,Motivo: 1753
T1754,14250,USD,2024-06-15T00:29:00,Motivo: 1754
T1755,6445,USD,2024-07-13T20:45:00,Motivo: 1755
T1756,5476,EUR,2024-03-05T05:33:00,Motivo: 1756
T1757,34346,GTQ,2024-03-24T10:52:00,Motivo: 1757
T1758,22281,USD,2024-07-07T20:32:00,Motivo: 1758
T1759,13134,USD,2024-05-25T00:00:00,Motivo: 1759
T1760,7414,GTQ,2024-04-26T07:12:00,Motivo: 1760
T1761,29755,EUR,2024-10-04T06:29:00,Motivo: 1761
T1762,34003,GTQ,2024-10-06T10:40:00,Motivo: 1762
T1763,3645,EUR,2024-04-13T22:32:00,Motivo: 1763
T1764,13805,USD,2024-06-06T09:40:00,Motivo: 1764
T1765,14094,USD,2024-06-10T02:54:00,Motivo: 1765
T1766,5407,GTQ,2024-04-08T04:47:00,Motivo: 1766
T1767,18061,GTQ,2024-10-16T23:58:00,Motivo: 1767
T1768,1615,EUR,2024-02-07T04:26:00,Motivo: 1768
T1769,4844,USD,2024-06-28T23:44:00,Motivo: 1769
T1770,2565,EUR,2024-07-05T05:01:00,Motivo: 1770
T1771,7156,USD,2024-06-25T07:59:00,Motivo: 1771
T1772,20811,GTQ,2024-07-20T12:52:00,Motivo: 1772
T1773,3281,EUR,2024-08-01T16:08:00,Motivo: 1773
T1774,11527,USD,2024-08-01T23:58:00,Motivo: 1774
T1775,14680,USD,2024-10-21T11:41:00,Motivo: 1775
T1776,13628,USD,2024-03-03T01:25:00,Motivo: 1776
T1777,16438,EUR,2024-09-04T01:32:00,Motivo: 1777
T1778,15122,GTQ,2024-03-18T14:34:00,Motivo: 1778
T1779,22947,GTQ,2024-01-23T01:31:00,Motivo: 1779
T1780,20778,GTQ,2024-02-28T13:46:00,Motivo: 1780
T1781,34863,USD,2024-09-14T00:43:00,Motivo: 1781
T1782,708,USD,2024-07-03T22:05:00,Motivo: 1782
T1783,30960,EUR,2024-01-01T07:51:00,Motivo: 1783
T1784,5199,EUR,2024-02-24T14:19:00,Motivo: 1784
T1785,46953,GTQ,2024-02-05T04:48:00,Motivo: 1785
T1786,9618,USD,2024-03-20T17:25:00,Motivo: 1786
T1787,15919,USD,2024-08-21T22:27:00,Motivo: 1787
T1788,40684,GTQ,2024-04-18T07:49:00,Motivo: 1788
T1789,2640,USD,2024-07-09T15:31:00,Motivo: 1789
T1790,25154,EUR,2024-05-20T04:47:00,Motivo: 1790
T1791,16788,USD,2024-07-01T03:13:00,Motivo: 1791
T1792,32730,GTQ,2024-01-04T23:43:00,Motivo: 1792
T1793,47611,EUR,2024-09-18T00:06:00,Motivo: 1793
T1794,19947,USD,2024-04-10T21:59:00,Motivo: 1794
T1795,19011,USD,2024-12-27T08:59:00,Motivo: 1795
T1796,17349,USD,2024-10-22T20:45:00,Motivo: 1796
T1797,18257,GTQ,2024-11-11T13:13:00,Motivo: 1797
T1798,8974,EUR,2024-05-12T14:50:00,Motivo: 1798
T1799,21236,GTQ,2024-06-21T09:07:00,Motivo: 1799
T1800,16209,USD,2024-09-26T10:28:00,Motivo: 1800
T1801,7272,EUR,2024-04-15T08:32:00,Motivo: 1801
T1802,2834,GTQ,2024-12-27T20:21:00,Motivo: 1802
T1803,9238,EUR,2024-07-13T00:01:00,Motivo: 1803
T1804,747,USD,2024-10-07T06:14:00,Motivo: 1804
T1805,34561,USD,2024-06-13T07:53:00,Motivo: 1805
T1806,11786,GTQ,2024-06-18T07:21:00,Motivo: 1806
T1807,9188,USD,2024-12-21T20:23:00,Motivo: 1807
T1808,30919,USD,2024-06-12T08:43:00,Motivo: 1808
T1809,13107,GTQ,2024-03-02T00:57:00,Motivo: 1809
T1810,27680,GTQ,2024-06-28T02:23:00,Motivo: 1810
T1811,18257,EUR,2024-04-28T07:10:00,Motivo: 1811
T1812,18892,GTQ,2024-06-02T06:44:00,Motivo: 1812
T1813,28836,USD,2024-10-25T20:21:00,Motivo: 1813
T1814,7380,GTQ,2024-10-18T02:45:00,Motivo: 1814
T1815,12252,GTQ,2024-04-17T01:06:00,Motivo: 1815
T1816,25772,GTQ,2024-05-16T01:27:00,Motivo: 1816
T1817,32013,USD,2024-03-15T10:12:00,Motivo: 1817
T1818,18559,USD,2024-11-17T22:25:00,Motivo: 1818
T1819,29630,USD,2024-02-16T23:25:00,Motivo: 1819
T1820,12652,EUR,2024-04-22T15:37:00,Motivo: 1820
T1821,15751,GTQ,2024-12-25T10:45:00,Motivo: 1821
T1822,4351,GTQ,2024-03-01T06:11:00,Motivo: 1822
T1823,11582,USD,2024-10-03T13:07:00,Motivo: 1823
T1824,2771,USD,2024-06-26T10:42:00,Motivo: 1824
T1825,15013,GTQ,2024-11-02T08:13:00,Motivo: 1825
T1826,32168,GTQ,2024-03-01T13:21:00,Motivo: 1826
T1827,32965,EUR,2024-04-21T11:17:00,Motivo: 1827
T1828,5033,USD,2024-04-16T10:58:00,Motivo: 1828
T1829,12574,GTQ,2024-07-23T12:55:00,Motivo: 1829
T1830,9933,GTQ,2024-04-28T23:13:00,Motivo: 1830
T1831,34888,EUR,2024-11-02T10:12:00,Motivo: 1831
T1832,42081,USD,2024-12-06T13:52:00,Motivo: 1832
T1833,25284,GTQ,2024-03-01T22:05:00,Motivo: 1833
T1834,43433,GTQ,2024-05-09T17:13:00,Motivo: 1834
T1835,12702,GTQ,2024-07-05T22:32:00,Motivo: 1835
T1836,48533,USD,2024-07-27T16:52:00,Motivo: 1836
T1837,19515,GTQ,2024-12-09T03:26:00,Motivo: 1837
T1838,9670,EUR,2024-10-08T23:28:00,Motivo: 1838
T1839,2329,EUR,2024-06-01T08:57:00,Motivo: 1839
T1840,33376,GTQ,2024-07-18T16:30:00,Motivo: 1840
T1841,4779,EUR,2024-01-19T06:23:00,Motivo: 1841
T1842,11790,USD,2024-04-24T16:30:00,Motivo: 1842
T1843,27357,GTQ,2024-12-26T06:07:00,Motivo: 1843
T1844,6911,USD,2024-04-14T02:58:00,Motivo: 1844
T1845,34575,USD,2024-08-06T17:56:00,Motivo: 1845
T1846,2055,USD,2024-04-08T20:33:00,Motivo: 1846
T1847,27325,USD,2024-09-13T13:58:00,Motivo: 1847
T1848,40551,GTQ,2024-07-07T01:09:00,Motivo: 1848
T1849,6418,GTQ,2024-05-07T17:15:00,Motivo: 1849
T1850,8752,EUR,2024-11-11T08:39:00,Motivo: 1850
T1851,12749,GTQ,2024-11-17T00:44:00,Motivo: 1851
T1852,13582,EUR,2024-08-21T11:51:00,Motivo: 1852
T1853,6055,EUR,2024-12-09T02:50:00,Motivo: 1853
T1854,17766,EUR,2024-01-03T23:08:00,Motivo: 1854
T1855,41178,EUR,2024-10-13T07:22:00,Motivo: 1855
T1856,9895,USD,2024-03-24T22:34:00,Motivo: 1856
T1857,20356,GTQ,2024-05-07T02:48:00,Motivo: 1857
T1858,20376,GTQ,2024-07-12T00:51:00,Motivo: 1858
T1859,31042,USD,2024-12-09T20:14:00,Motivo: 1859
T1860,9981,GTQ,2024-10-11T03:37:00,Motivo: 1860
T1861,41831,GTQ,2024-10-28T11:19:00,Motivo: 1861
T1862,28781,USD,2024-05-01T09:42:00,Motivo: 1862
T1863,10788,USD,2024-03-13T15:31:00,Motivo: 1863
T1864,6879,GTQ,2024-06-03T09:02:00,Motivo: 1864
T1865,10640,EUR,2024-07-24T08:57:00,Motivo: 1865
T1866,34751,GTQ,2024-04-08T09:24:00,Motivo: 1866
T1867,22527,GTQ,2024-01-17T23:37:00,Motivo: 1867
T1868,15193,USD,2024-03-06T19:09:00,Motivo: 1868
T1869,11601,USD,2024-06-22T03:17:00,Motivo: 1869
T1870,24238,GTQ,2024-06-06T05:16:00,Motivo: 1870
T1871,4641,USD,2024-07-23T13:18:00,Motivo: 1871
T1872,10954,GTQ,2024-08-26T13:18:00,Motivo: 1872
T1873,1979,EUR,2024-02-25T05:56:00,Motivo: 1873
T1874,16971,GTQ,2024-11-01T14:32:00,Motivo: 1874
T1875,40687,GTQ,2024-05-18T22:03:00,Motivo: 1875
T1876,28679,GTQ,2024-02-11T02:19:00,Motivo: 1876
T1877,1672,EUR,2024-11-14T23:24:00,Motivo: 1877
T1878,3254,EUR,2024-11-11T07:56:00,Motivo: 1878
T1879,1542,GTQ,2024-11-14T00:08:00,Motivo: 1879
T1880,11837,EUR,2024-06-09T18:14:00,Motivo: 1880
T1881,20177,USD,2024-08-04T01:32:00,Motivo: 1881
T1882,3186,EUR,2024-03-01T19:20:00,Motivo: 1882
T1883,16453,EUR,2024-10-25T17:51:00,Motivo: 1883
T1884,22464,GTQ,2024-05-15T13:40:00,Motivo: 1884
T1885,25299,GTQ,2024-09-18T23:26:00,Motivo: 1885
T1886,6917,GTQ,2024-09-10T07:54:00,Motivo: 1886
T1887,32278,EUR,2024-11-21T22:49:00,Motivo: 1887
T1888,15802,GTQ,2024-06-20T05:17:00,Motivo: 1888
T1889,17181,EUR,2024-08-10T16:26:00,Motivo: 1889
T1890,1878,USD,2024-07-07T10:24:00,Motivo: 1890
T1891,44708,EUR,2024-06-25T04:34:00,Motivo: 1891
T1892,12830,USD,2024-07-26T08:59:00,Motivo: 1892
T1893,17292,GTQ,2024-12-25T01:42:00,Motivo: 1893
T1894,5236,EUR,2024-02-19T04:14:00,Motivo: 1894
T1895,42634,EUR,2024-10-02T00:26:00,Motivo: 1895
T1896,18646,USD,2024-10-26T03:34:00,Motivo: 1896
T1897,4793,GTQ,2024-04-25T12:22:00,Motivo: 1897
T1898,46680,GTQ,2024-10-23T21:38:00,Motivo: 1898
T1899,14493,EUR,2024-06-13T10:40:00,Motivo: 1899
T1900,47826,USD,2024-01-01T15:44:00,Motivo: 1900
T1901,32214,EUR,2024-06-24T06:27:00,Motivo: 1901
T1902,13071,GTQ,2024-12-21T01:11:00,Motivo: 1902
T1903,29585,EUR,2024-06-28T13:30:00,Motivo: 1903
T1904,2591,GTQ,2024-06-18T10:21:00,Motivo: 1904
T1905,7039,EUR,2024-10-18T05:41:00,Motivo: 1905
T1906,27492,GTQ,2024-03-07T02:05:00,Motivo: 1906
T1907,7280,EUR,2024-03-01T02:41:00,Motivo: 1907
T1908,12697,GTQ,2024-06-01T12:13:00,Motivo: 1908
T1909,11662,USD,2024-05-21T05:26:00,Motivo: 1909
T1910,9567,GTQ,2024-05-12T14:53:00,Motivo: 1910
T1911,6687,GTQ,2024-04-11T09:14:00,Motivo: 1911
T1912,15224,USD,2024-01-17T05:13:00,Motivo: 1912
T1913,6871,USD,2024-12-23T12:46:00,Motivo: 1913
T1914,1674,USD,2024-09-21T02:28:00,Motivo: 1914
T1915,45566,EUR,2024-12-13T04:48:00,Motivo: 1915
T1916,4884,EUR,2024-07-14T03:25:00,Motivo: 1916
T1917,6383,USD,2024-08-20T04:24:00,Motivo: 1917
T1918,8577,GTQ,2024-12-10T13:52:00,Motivo: 1918
T1919,30923,EUR,2024-10-24T08:53:00,Motivo: 1919
T1920,659,EUR,2024-03-07T08:25:00,Motivo: 1920
T1921,21893,GTQ,2024-05-07T22:11:00,Motivo: 1921
T1922,49515,GTQ,2024-01-15T19:50:00,Motivo: 1922
T1923,48345,EUR,2024-12-11T05:55:00,Motivo: 1923
T1924,5297,EUR,2024-12-17T06:48:00,Motivo: 1924
T1925,28637,USD,2024-05-13T12:53:00,Motivo: 1925
T1926,4697,USD,2024-01-20T23:48:00,Motivo: 1926
T1927,29525,EUR,2024-04-15T01:23:00,Motivo: 1927
T1928,17742,EUR,2024-09-09T21:17:00,Motivo: 1928
T1929,5387,USD,2024-09-18T13:12:00,Motivo: 1929
T1930,31957,EUR,2024-11-10T21:29:00,Motivo: 1930
T1931,32577,USD,2024-07-20T04:53:00,Motivo: 1931
T1932,24719,EUR,2024-08-05T23:49:00,Motivo: 1932
T1933,10015,GTQ,2024-01-09T02:51:00,Motivo: 1933
T1934,16085,GTQ,2024-08-17T13:21:00,Motivo: 1934
T1935,6672,EUR,2024-08-06T17:02:00,Motivo: 1935
T1936,49131,GTQ,2024-08-06T16:54:00,Motivo: 1936
T1937,1425,USD,2024-02-27T20:25:00,Motivo: 1937
T1938,40895,USD,2024-06-22T00:52:00,Motivo: 1938
T1939,20138,USD,2024-02-06T06:53:00,Motivo: 1939
T1940,17427,GTQ,2024-02-04T17:06:00,Motivo: 1940
T1941,14398,EUR,2024-02-21T11:33:00,Motivo: 1941
T1942,5997,USD,2024-06-24T16:55:00,Motivo: 1942
T1943,19586,EUR,2024-07-19T19:18:00,Motivo: 1943
T1944,12489,GTQ,2024-06-04T15:57:00,Motivo: 1944
T1945,7470,USD,2024-09-19T08:33:00,Motivo: 1945
T1946,45377,EUR,2024-10-04T17:51:00,Motivo: 1946
T1947,1089,GTQ,2024-08-11T15:18:00,Motivo: 1947
T1948,15819,EUR,2024-07-11T07:42:00,Motivo: 1948
T1949,28018,GTQ,2024-06-24T07:09:00,Motivo: 1949
T1950,19351,GTQ,2024-11-05T04:08:00,Motivo: 1950
T1951,48507,USD,2024-02-16T06:40:00,Motivo: 1951
T1952,22678,GTQ,2024-08-11T21:15:00,Motivo: 1952
T1953,15990,EUR,2024-03-09T11:49:00,Motivo: 1953
T1954,24211,EUR,2024-04-07T14:10:00,Motivo: 1954
T1955,13940,EUR,2024-04-15T11:53:00,Motivo: 1955
T1956,10074,EUR,2024-12-23T01:12:00,Motivo: 1956
T1957,5118,EUR,2024-04-13T04:37:00,Motivo: 1957
T1958,11780,EUR,2024-07-15T13:54:00,Motivo: 1958
T1959,15850,EUR,2024-09-08T03:53:00,Motivo: 1959
T1960,9378,USD,2024-06-07T21:22:00,Motivo: 1960
T1961,20370,USD,2024-03-03T10:10:00,Motivo: 1961
T1962,7172,USD,2024-10-16T13:14:00,Motivo: 1962
T1963,1690,GTQ,2024-10-05T13:03:00,Motivo: 1963
T1964,24659,USD,2024-09-20T07:56:00,Motivo: 1964
T1965,5487,USD,2024-05-02T15:52:00,Motivo: 1965
T1966,1793,USD,2024-01-07T21:38:00,Motivo: 1966
T1967,9500,GTQ,2024-04-03T03:42:00,Motivo: 1967
T1968,1667,GTQ,2024-07-21T02:52:00,Motivo: 1968
T1969,10911,USD,2024-01-28T06:02:00,Motivo: 1969
T1970,1765,GTQ,2024-05-04T23:26:00,Motivo: 1970
T1971,44458,GTQ,2024-12-08T00:38:00,Motivo: 1971
T1972,3703,USD,2024-10-10T15:08:00,Motivo: 1972
T1973,2965,USD,2024-01-25T04:55:00,Motivo: 1973
T1974,1152,GTQ,2024-11-17T10:41:00,Motivo: 1974
T1975,3217,USD,2024-12-03T20:15:00,Motivo: 1975
T1976,28495,GTQ,2024-11-13T19:28:00,Motivo: 1976
T1977,24590,EUR,2024-09-26T14:01:00,Motivo: 1977
T1978,16425,USD,2024-06-12T01:03:00,Motivo: 1978
T1979,21806,GTQ,2024-01-13T05:25:00,Motivo: 1979
T1980,15780,EUR,2024-08-05T19:53:00,Motivo: 1980
T1981,20153,USD,2024-01-15T20:51:00,Motivo: 1981
T1982,8217,USD,2024-01-07T22:55:00,Motivo: 1982
T1983,14599,USD,2024-03-15T02:12:00,Motivo: 1983
T1984,24134,GTQ,2024-11-27T12:24:00,Motivo: 1984
T1985,20521,GTQ,2024-09-19T19:11:00,Motivo: 1985
T1986,28337,EUR,2024-01-16T07:25:00,Motivo: 1986
T1987,13391,EUR,2024-07-28T16:58:00,Motivo: 1987
T1988,6493,USD,2024-05-09T22:07:00,Motivo: 1988
T1989,11890,USD,2024-03-04T10:14:00,Motivo: 1989
T1990,8047,USD,2024-01-09T09:33:00,Motivo: 1990
T1991,48944,GTQ,2024-04-04T16:05:00,Motivo: 1991
T1992,1852,EUR,2024-06-21T07:07:00,Motivo: 1992
T1993,23912,EUR,2024-04-16T00:14:00,Motivo: 1993
T1994,14257,USD,2024-05-07T07:35:00,Motivo: 1994
T1995,11467,GTQ,2024-10-12T23:16:00,Motivo: 1995
T1996,15184,GTQ,2024-12-28T17:32:00,Motivo: 1996
T1997,22327,EUR,2024-03-20T17:02:00,Motivo: 1997
T1998,41490,EUR,2024-05-09T16:17:00,Motivo: 1998
T1999,6473,USD,2024-08-22T14:17:00,Motivo: 1999
T2000,2791,USD,2024-12-21T14:41:00,Motivo: 2000
