id_tarjeta,id_cuenta,limite_credito,numero_de_uso,fecha_asociacion
TAR1,CU11,12404,68,2024-12-04
TAR2,CU574,19693,9,2024-11-09
TAR3,CU341,28731,7,2024-04-17
TAR4,CU379,4008,99,2024-09-14
TAR5,CU356,3722,18,2024-05-20
TAR6,CU187,4100,66,2024-03-14
TAR7,CU53,9042,28,2024-08-26
TAR8,CU345,9706,2,2024-06-05
TAR9,CU233,17625,97,2024-02-27
TAR10,CU378,13331,54,2024-02-12
TAR11,CU999,14227,69,2024-08-03
TAR12,CU415,19454,60,2024-06-09
TAR13,CU54,10429,58,2024-03-23
TAR14,CU941,12815,10,2024-02-01
TAR15,CU622,3141,58,2024-04-26
TAR16,CU531,19008,64,2024-02-27
TAR17,CU546,9408,15,2024-04-28
TAR18,CU985,5247,56,2024-12-16
TAR19,CU915,5847,84,2024-08-17
TAR20,CU514,19522,95,2024-12-11
TAR21,CU368,6399,2,2024-07-04
TAR22,CU72,2150,79,2024-07-09
TAR23,CU567,6167,36,2024-12-27
TAR24,CU201,3948,87,2024-03-02
TAR25,CU639,16176,44,2024-03-07
TAR26,CU7,9612,58,2024-12-01
TAR27,CU59,9320,30,2024-06-19
TAR28,CU112,9589,39,2024-09-27
TAR29,CU324,7416,22,2024-01-02
TAR30,CU1005,15910,44,2024-10-17
TAR31,CU256,8400,50,2024-12-02
TAR32,CU721,3489,71,2024-06-08
TAR33,CU966,8877,54,2024-05-27
TAR34,CU322,27502,55,2024-10-11
TAR35,CU575,9596,38,2024-02-17
TAR36,CU119,26802,49,2024-12-07
TAR37,CU428,19087,44,2024-03-23
TAR38,CU168,17257,2,2024-12-11
TAR39,CU340,15888,69,2024-07-20
TAR40,CU963,11391,24,2024-11-18
TAR41,CU945,7805,28,2024-06-26
TAR42,CU592,6096,60,2024-02-17
TAR43,CU78,16318,79,2024-08-08
TAR44,CU80,18321,97,2024-07-05
TAR45,CU956,15715,95,2024-01-15
TAR46,CU380,26909,53,2024-01-15
TAR47,CU603,11863,68,2024-08-08
TAR48,CU556,19351,6,2024-02-07
TAR49,CU446,7056,39,2024-02-21
TAR50,CU943,3905,2,2024-08-17
TAR51,CU519,7977,33,2024-04-23
TAR52,CU598,17586,96,2024-10-10
TAR53,CU760,6654,17,2024-06-21
TAR54,CU391,18063,44,2024-01-15
TAR55,CU794,5592,39,2024-04-15
TAR56,CU827,7826,23,2024-12-14
TAR57,CU927,12160,50,2024-08-23
TAR58,CU732,5969,25,2024-11-12
TAR59,CU871,12011,98,2024-02-09
TAR60,CU750,6132,9,2024-08-17
TAR61,CU313,4850,50,2024-08-19
TAR62,CU389,11457,80,2024-03-01
TAR63,CU719,14458,15,2024-09-17
TAR64,CU299,7241,95,2024-01-02
TAR65,CU326,18097,4,2024-09-28
TAR66,CU250,16210,47,2024-09-08
TAR67,CU659,17761,79,2024-07-21
TAR68,CU489,8934,26,2024-11-22
TAR69,CU69,3387,78,2024-01-15
TAR70,CU865,15201,42,2024-12-22
TAR71,CU741,4041,45,2024-04-03
TAR72,CU597,1941,38,2024-06-15
TAR73,CU729,4072,75,2024-07-15
TAR74,CU520,3873,53,2024-03-01
TAR75,CU102,19256,66,2024-07-01
TAR76,CU436,3738,26,2024-10-02
TAR77,CU796,15803,9,2024-02-22
TAR78,CU628,16606,89,2024-01-21
TAR79,CU222,19890,99,2024-04-12
TAR80,CU535,1074,71,2024-02-01
TAR81,CU84,5859,92,2024-04-03
TAR82,CU444,7112,76,2024-05-02
TAR83,CU695,17227,32,2024-06-19
TAR84,CU621,3537,66,2024-02-26
TAR85,CU1000,4935,35,2024-07-12
TAR86,CU583,14647,57,2024-10-07
TAR87,CU354,22426,63,2024-11-02
TAR88,CU432,9882,5,2024-02-22
TAR89,CU67,10334,18,2024-10-28
TAR90,CU529,13328,87,2024-12-16
TAR91,CU62,10675,89,2024-11-04
TAR92,CU987,1766,62,2024-09-20
TAR93,CU88,8747,86,2024-09-19
TAR94,CU409,19574,14,2024-03-17
TAR95,CU746,24492,5,2024-10-17
TAR96,CU66,17573,50,2024-05-26
TAR97,CU521,6346,39,2024-09-25
TAR98,CU425,14652,35,2024-02-22
TAR99,CU9,19316,45,2024-10-11
TAR100,CU644,5302,99,2024-01-11
TAR101,CU348,24819,49,2024-10-18
TAR102,CU148,13477,96,2024-11-07
TAR103,CU880,16971,13,2024-09-09
TAR104,CU420,23392,20,2024-07-13
TAR105,CU516,19022,71,2024-03-21
TAR106,CU483,9691,81,2024-05-23
TAR107,CU590,28431,23,2024-03-15
TAR108,CU889,10992,64,2024-10-12
TAR109,CU675,18109,96,2024-10-21
TAR110,CU315,8438,74,2024-04-01
TAR111,CU75,5481,6,2024-12-03
TAR112,CU578,2700,41,2024-02-02
TAR113,CU553,25761,96,2024-11-08
TAR114,CU930,1994,31,2024-03-22
TAR115,CU706,5247,97,2024-03-08
TAR116,CU740,15103,87,2024-09-23
TAR117,CU813,4822,1,2024-12-14
TAR118,CU979,11638,33,2024-02-01
TAR119,CU64,12795,87,2024-04-27
TAR120,CU505,11184,22,2024-09-04
TAR121,CU775,6542,45,2024-11-01
TAR122,CU347,17440,3,2024-06-15
TAR123,CU433,7133,35,2024-09-24
TAR124,CU655,13749,28,2024-02-12
TAR125,CU835,11485,8,2024-10-01
TAR126,CU955,8050,68,2024-04-23
TAR127,CU820,9009,72,2024-11-27
TAR128,CU450,7610,98,2024-05-12
TAR129,CU176,6842,9,2024-02-19
TAR130,CU910,2358,93,2024-11-03
TAR131,CU154,3691,7,2024-11-13
TAR132,CU576,8340,20,2024-12-08
TAR133,CU893,18453,84,2024-08-13
TAR134,CU917,9196,26,2024-06-26
TAR135,CU946,15828,62,2024-07-12
TAR136,CU180,4224,30,2024-03-22
TAR137,CU13,13720,34,2024-11-24
TAR138,CU276,13896,8,2024-10-12
TAR139,CU141,9334,51,2024-04-15
TAR140,CU854,6318,49,2024-07-21
TAR141,CU300,1051,81,2024-06-28
TAR142,CU478,4481,22,2024-08-19
TAR143,CU844,18261,86,2024-05-06
TAR144,CU207,22848,12,2024-07-12
TAR145,CU65,3271,62,2024-08-06
TAR146,CU352,4849,90,2024-06-25
TAR147,CU791,11637,70,2024-08-17
TAR148,CU177,13967,38,2024-05-11
TAR149,CU190,15343,8,2024-04-11
TAR150,CU218,6232,14,2024-04-15
TAR151,CU939,10822,35,2024-02-23
TAR152,CU429,15860,83,2024-05-03
TAR153,CU133,17367,3,2024-05-09
TAR154,CU834,10622,67,2024-10-13
TAR155,CU812,8146,14,2024-06-21
TAR156,CU150,7184,24,2024-11-28
TAR157,CU810,2011,59,2024-10-08
TAR158,CU103,15829,91,2024-10-03
TAR159,CU849,15955,8,2024-08-22
TAR160,CU873,19071,1,2024-09-24
TAR161,CU787,4348,51,2024-09-24
TAR162,CU373,6039,34,2024-02-26
TAR163,CU334,15443,34,2024-04-23
TAR164,CU439,20446,90,2024-10-01
TAR165,CU851,1601,81,2024-09-10
TAR166,CU355,9687,35,2024-02-01
TAR167,CU60,6814,85,2024-07-13
TAR168,CU445,1408,30,2024-07-04
TAR169,CU887,17543,85,2024-08-06
TAR170,CU525,27347,48,2024-06-22
TAR171,CU857,14536,29,2024-08-07
TAR172,CU332,7815,54,2024-07-10
TAR173,CU101,5292,96,2024-07-06
TAR174,CU994,9854,19,2024-02-02
TAR175,CU346,11055,86,2024-11-02
TAR176,CU798,9643,90,2024-07-23
TAR177,CU16,6642,56,2024-06-21
TAR178,CU63,8583,91,2024-05-21
TAR179,CU805,3934,5,2024-12-04
TAR180,CU268,1899,34,2024-04-03
TAR181,CU530,3343,54,2024-01-07
TAR182,CU856,6919,86,2024-06-05
TAR183,CU38,14503,32,2024-03-26
TAR184,CU486,17402,35,2024-05-23
TAR185,CU163,8850,70,2024-08-20
TAR186,CU797,17292,79,2024-08-16
TAR187,CU336,24834,62,2024-05-25
TAR188,CU633,24405,20,2024-12-19
TAR189,CU314,3374,90,2024-03-19
TAR190,CU541,13238,85,2024-05-19
TAR191,CU405,9186,91,2024-05-14
TAR192,CU316,15510,71,2024-08-28
TAR193,CU672,17445,87,2024-09-18
TAR194,CU105,5907,73,2024-07-12
TAR195,CU377,9762,88,2024-05-19
TAR196,CU646,14741,48,2024-09-18
TAR197,CU932,16254,5,2024-02-02
TAR198,CU769,29419,57,2024-12-14
TAR199,CU870,19432,41,2024-02-05
TAR200,CU734,9647,60,2024-01-19
TAR201,CU224,8565,100,2024-12-12
TAR202,CU457,4216,85,2024-03-05
TAR203,CU774,26883,68,2024-05-02
TAR204,CU722,16220,15,2024-04-02
TAR205,CU629,5784,32,2024-05-21
TAR206,CU404,17311,90,2024-07-05
TAR207,CU833,11661,88,2024-11-25
TAR208,CU238,7075,68,2024-11-15
TAR209,CU614,1422,49,2024-05-04
TAR210,CU599,9620,84,2024-06-20
TAR211,CU563,24222,83,2024-10-05
TAR212,CU371,3691,71,2024-02-27
TAR213,CU26,18728,72,2024-11-16
TAR214,CU225,14750,80,2024-07-13
TAR215,CU891,21827,86,2024-01-16
TAR216,CU688,4865,66,2024-07-23
TAR217,CU929,4477,44,2024-06-26
TAR218,CU115,21911,5,2024-10-26
TAR219,CU972,3823,72,2024-11-03
TAR220,CU465,14891,15,2024-02-14
TAR221,CU581,26203,43,2024-07-27
TAR222,CU971,3615,58,2024-11-24
TAR223,CU883,11132,94,2024-11-23
TAR224,CU128,11106,2,2024-03-28
TAR225,CU543,15571,58,2024-03-07
TAR226,CU919,18734,68,2024-10-03
TAR227,CU503,15339,67,2024-10-26
TAR228,CU30,23108,69,2024-03-27
TAR229,CU573,6901,18,2024-12-24
TAR230,CU654,18744,28,2024-06-16
TAR231,CU958,8825,92,2024-12-20
TAR232,CU15,29564,40,2024-07-03
TAR233,CU715,14669,82,2024-08-12
TAR234,CU292,9106,83,2024-01-14
TAR235,CU585,18604,59,2024-11-24
TAR236,CU18,9668,82,2024-06-28
TAR237,CU674,4786,22,2024-11-12
TAR238,CU918,7720,2,2024-08-03
TAR239,CU831,19974,56,2024-04-05
TAR240,CU281,11560,22,2024-12-16
TAR241,CU900,12758,24,2024-10-15
TAR242,CU265,19158,82,2024-09-25
TAR243,CU808,1891,77,2024-05-02
TAR244,CU678,6174,87,2024-03-20
TAR245,CU652,15434,56,2024-08-25
TAR246,CU79,4080,31,2024-02-08
TAR247,CU771,2810,34,2024-12-20
TAR248,CU777,9803,26,2024-06-28
TAR249,CU899,17012,68,2024-03-19
TAR250,CU924,4206,99,2024-01-05
TAR251,CU702,5913,20,2024-09-19
TAR252,CU707,11802,16,2024-08-09
TAR253,CU68,6333,40,2024-04-11
TAR254,CU330,1224,48,2024-01-07
TAR255,CU913,3277,53,2024-01-14
TAR256,CU934,23474,74,2024-06-13
TAR257,CU42,21162,62,2024-07-09
TAR258,CU226,7169,89,2024-04-04
TAR259,CU627,16083,18,2024-07-09
TAR260,CU71,23306,22,2024-08-18
TAR261,CU624,21277,40,2024-02-09
TAR262,CU850,10295,24,2024-07-11
TAR263,CU369,9537,97,2024-07-08
TAR264,CU773,3130,13,2024-12-27
TAR265,CU184,10650,20,2024-06-07
TAR266,CU335,17939,23,2024-11-15
TAR267,CU307,8983,100,2024-08-16
TAR268,CU272,2119,88,2024-12-24
TAR269,CU855,5792,80,2024-09-09
TAR270,CU329,15275,37,2024-06-07
TAR271,CU869,8142,58,2024-09-11
TAR272,CU914,18075,11,2024-03-10
TAR273,CU859,16275,64,2024-11-12
TAR274,CU147,6398,98,2024-02-10
TAR275,CU271,8967,60,2024-09-04
TAR276,CU220,18289,7,2024-05-16
TAR277,CU85,13376,18,2024-10-11
TAR278,CU662,19951,28,2024-06-05
TAR279,CU492,3388,70,2024-04-28
TAR280,CU733,7640,8,2024-12-10
TAR281,CU199,17950,38,2024-08-02
TAR282,CU144,7097,1,2024-12-25
TAR283,CU50,14775,60,2024-08-17
TAR284,CU903,13935,61,2024-05-13
TAR285,CU417,9451,53,2024-07-08
TAR286,CU275,17924,1,2024-04-08
TAR287,CU94,9664,86,2024-10-16
TAR288,CU160,7275,13,2024-10-07
TAR289,CU398,8252,64,2024-09-22
TAR290,CU749,7093,46,2024-10-28
TAR291,CU689,12654,5,2024-01-11
TAR292,CU911,15761,60,2024-04-21
TAR293,CU460,1341,82,2024-08-09
TAR294,CU649,1516,78,2024-01-07
TAR295,CU532,18274,83,2024-01-17
TAR296,CU837,17365,93,2024-07-19
TAR297,CU524,13949,18,2024-03-24
TAR298,CU206,22198,13,2024-12-04
TAR299,CU761,14131,58,2024-12-22
TAR300,CU39,3173,43,2024-05-01
TAR301,CU872,4479,7,2024-03-11
TAR302,CU586,7048,9,2024-05-01
TAR303,CU523,27537,11,2024-10-21
TAR304,CU393,7071,84,2024-09-03
TAR305,CU909,16451,72,2024-12-05
TAR306,CU742,5985,16,2024-05-24
TAR307,CU408,6784,75,2024-10-09
TAR308,CU507,2549,76,2024-06-05
TAR309,CU780,18196,59,2024-03-23
TAR310,CU395,5249,47,2024-01-01
TAR311,CU973,2126,81,2024-02-21
TAR312,CU89,9276,55,2024-09-05
TAR313,CU162,4167,13,2024-04-04
TAR314,CU534,5200,77,2024-06-26
TAR315,CU338,11941,93,2024-08-10
TAR316,CU577,5302,17,2024-10-23
TAR317,CU49,12085,74,2024-01-06
TAR318,CU372,24967,67,2024-10-21
TAR319,CU793,22754,64,2024-08-01
TAR320,CU669,3603,50,2024-07-17
TAR321,CU928,13663,62,2024-06-13
TAR322,CU339,15109,11,2024-06-17
TAR323,CU87,6397,73,2024-05-02
TAR324,CU61,4420,25,2024-11-18
TAR325,CU261,11504,71,2024-01-18
TAR326,CU259,8489,76,2024-07-27
TAR327,CU485,15350,11,2024-07-07
TAR328,CU604,9132,37,2024-10-15
TAR329,CU232,5828,21,2024-03-12
TAR330,CU641,13096,34,2024-07-19
TAR331,CU549,8168,61,2024-10-25
TAR332,CU40,6653,1,2024-09-04
TAR333,CU841,1523,84,2024-05-26
TAR334,CU1002,10169,18,2024-07-18
TAR335,CU786,12182,84,2024-04-26
TAR336,CU414,9612,78,2024-04-10
TAR337,CU185,21393,16,2024-10-03
TAR338,CU350,6001,80,2024-10-06
TAR339,CU701,6172,87,2024-04-05
TAR340,CU699,7539,70,2024-09-22
TAR341,CU860,11295,7,2024-10-02
TAR342,CU538,9206,43,2024-02-12
TAR343,CU56,24140,9,2024-05-21
TAR344,CU463,10349,30,2024-12-20
TAR345,CU778,8622,69,2024-12-09
TAR346,CU594,6908,33,2024-01-21
TAR347,CU41,6849,28,2024-06-13
TAR348,CU217,12605,92,2024-04-27
TAR349,CU822,23493,80,2024-10-27
TAR350,CU426,7912,80,2024-09-24
TAR351,CU255,8385,54,2024-05-14
TAR352,CU228,8146,70,2024-06-01
TAR353,CU471,9533,93,2024-08-24
TAR354,CU29,11447,69,2024-04-25
TAR355,CU638,5251,46,2024-09-07
TAR356,CU223,7165,51,2024-02-13
TAR357,CU716,5923,44,2024-09-03
TAR358,CU27,13684,20,2024-09-04
TAR359,CU517,5636,33,2024-02-12
TAR360,CU691,3825,21,2024-12-19
TAR361,CU814,1882,56,2024-07-12
TAR362,CU687,11523,18,2024-08-24
TAR363,CU342,8465,89,2024-04-13
TAR364,CU770,6210,53,2024-10-02
TAR365,CU239,2492,80,2024-09-28
TAR366,CU254,16300,3,2024-11-24
TAR367,CU22,5159,16,2024-02-09
TAR368,CU491,9705,39,2024-03-14
TAR369,CU496,1952,52,2024-04-25
TAR370,CU129,2037,56,2024-02-09
TAR371,CU301,10904,26,2024-09-01
TAR372,CU74,9336,92,2024-02-24
TAR373,CU46,7444,14,2024-06-02
TAR374,CU723,14301,70,2024-03-21
TAR375,CU364,15683,62,2024-10-11
TAR376,CU21,4717,64,2024-02-01
TAR377,CU829,8533,28,2024-08-01
TAR378,CU743,2201,61,2024-05-14
TAR379,CU123,9037,37,2024-09-19
TAR380,CU152,9444,23,2024-04-25
TAR381,CU864,13475,39,2024-03-16
TAR382,CU376,15050,78,2024-04-12
TAR383,CU77,15732,85,2024-06-05
TAR384,CU970,4344,76,2024-12-07
TAR385,CU93,17059,73,2024-06-18
TAR386,CU898,2093,45,2024-01-07
TAR387,CU846,15635,9,2024-11-01
TAR388,CU726,3448,96,2024-12-12
TAR389,CU319,10583,85,2024-12-02
TAR390,CU665,10795,24,2024-02-19
TAR391,CU552,7422,15,2024-12-09
TAR392,CU143,14239,26,2024-03-02
TAR393,CU159,8324,42,2024-02-20
TAR394,CU244,27633,87,2024-08-20
TAR395,CU82,22555,99,2024-04-13
TAR396,CU650,25662,22,2024-11-02
TAR397,CU117,7268,89,2024-11-26
TAR398,CU58,5753,9,2024-07-28
TAR399,CU686,6539,80,2024-10-27
TAR400,CU735,2476,3,2024-07-14
TAR401,CU472,1857,96,2024-04-20
TAR402,CU616,1138,39,2024-03-19
TAR403,CU878,27237,38,2024-02-21
TAR404,CU216,7489,91,2024-07-22
TAR405,CU744,3871,41,2024-08-21
TAR406,CU739,4666,28,2024-03-01
TAR407,CU289,1084,56,2024-10-28
TAR408,CU151,5299,21,2024-01-20
TAR409,CU642,5174,24,2024-05-17
TAR410,CU890,16651,26,2024-11-04
TAR411,CU879,6006,10,2024-09-28
TAR412,CU328,2793,46,2024-10-23
TAR413,CU607,11006,33,2024-09-19
TAR414,CU904,5803,32,2024-01-28
TAR415,CU969,12426,58,2024-12-21
TAR416,CU385,5719,84,2024-06-11
TAR417,CU257,7533,10,2024-07-26
TAR418,CU593,2408,67,2024-01-24
TAR419,CU411,5632,41,2024-01-14
TAR420,CU55,22584,14,2024-11-04
TAR421,CU753,3427,9,2024-09-18
TAR422,CU762,15304,66,2024-10-27
TAR423,CU359,9844,33,2024-09-04
TAR424,CU885,17492,75,2024-07-02
TAR425,CU826,9219,46,2024-09-02
TAR426,CU31,2367,56,2024-03-19
TAR427,CU712,26153,36,2024-02-04
TAR428,CU209,5045,58,2024-04-23
TAR429,CU528,14232,99,2024-02-17
TAR430,CU419,6978,38,2024-02-01
TAR431,CU558,10383,85,2024-09-26
TAR432,CU407,7835,16,2024-02-15
TAR433,CU763,9362,3,2024-09-07
TAR434,CU195,8152,84,2024-05-21
TAR435,CU611,7670,98,2024-01-21
TAR436,CU620,17933,9,2024-07-18
TAR437,CU828,29964,79,2024-05-16
TAR438,CU562,2009,78,2024-02-10
TAR439,CU962,4518,7,2024-11-13
TAR440,CU731,14993,98,2024-04-27
TAR441,CU279,29719,34,2024-11-26
TAR442,CU237,14550,77,2024-04-15
TAR443,CU456,20038,100,2024-05-04
TAR444,CU815,8649,12,2024-05-17
TAR445,CU565,12220,65,2024-06-13
TAR446,CU388,16061,70,2024-04-04
TAR447,CU363,4026,98,2024-05-05
TAR448,CU1,18937,59,2024-10-10
TAR449,CU440,19681,6,2024-08-20
TAR450,CU24,11722,45,2024-12-04
TAR451,CU509,15462,86,2024-10-20
TAR452,CU384,1811,36,2024-11-06
TAR453,CU273,6849,23,2024-11-10
TAR454,CU591,11714,54,2024-02-26
TAR455,CU751,13435,56,2024-09-16
TAR456,CU183,15845,20,2024-04-21
TAR457,CU596,13745,69,2024-03-06
TAR458,CU203,8256,66,2024-02-14
TAR459,CU438,8636,21,2024-12-26
TAR460,CU847,11533,54,2024-04-27
TAR461,CU625,15833,51,2024-07-20
TAR462,CU502,7166,83,2024-05-18
TAR463,CU396,28820,39,2024-02-19
TAR464,CU97,8302,20,2024-08-26
TAR465,CU366,23647,12,2024-02-05
TAR466,CU480,23767,42,2024-05-13
TAR467,CU51,2384,13,2024-04-10
TAR468,CU443,6377,29,2024-07-11
TAR469,CU714,27268,19,2024-04-22
TAR470,CU937,10163,16,2024-12-10
TAR471,CU194,18957,21,2024-07-18
TAR472,CU6,1989,35,2024-06-03
TAR473,CU512,22918,62,2024-01-27
TAR474,CU862,5374,92,2024-10-04
TAR475,CU989,5400,60,2024-02-26
TAR476,CU302,4860,47,2024-05-16
TAR477,CU138,14628,70,2024-06-25
TAR478,CU383,5575,61,2024-10-05
TAR479,CU470,9958,12,2024-07-06
TAR480,CU167,19336,52,2024-07-20
TAR481,CU931,5283,49,2024-09-17
TAR482,CU819,5897,88,2024-08-24
TAR483,CU951,27602,41,2024-12-11
TAR484,CU645,1611,82,2024-08-28
TAR485,CU2,12789,73,2024-11-11
TAR486,CU43,4969,54,2024-01-07
TAR487,CU481,9329,78,2024-03-02
TAR488,CU282,1483,90,2024-01-12
TAR489,CU698,14656,58,2024-09-13
TAR490,CU696,7738,73,2024-02-28
TAR491,CU142,10806,93,2024-01-09
TAR492,CU843,9654,84,2024-02-18
TAR493,CU515,3628,62,2024-11-25
TAR494,CU98,3909,82,2024-04-21
TAR495,CU270,3766,7,2024-02-15
TAR496,CU839,8476,77,2024-07-08
TAR497,CU477,19516,92,2024-03-15
TAR498,CU109,16132,95,2024-11-21
TAR499,CU579,18098,51,2024-07-21
TAR500,CU344,7146,21,2024-12-19
TAR501,CU297,18453,39,2024-12-24
TAR502,CU863,23039,32,2024-12-01
TAR503,CU390,11769,16,2024-12-04
TAR504,CU884,13430,38,2024-05-28
TAR505,CU234,19908,48,2024-10-25
TAR506,CU935,14312,69,2024-02-22
TAR507,CU34,10504,19,2024-04-26
TAR508,CU921,18085,5,2024-05-13
TAR509,CU318,7525,33,2024-12-08
TAR510,CU198,15895,36,2024-04-21
TAR511,CU44,13248,81,2024-09-25
TAR512,CU47,20046,54,2024-03-13
TAR513,CU164,12246,44,2024-05-11
TAR514,CU513,17239,32,2024-10-23
TAR515,CU303,4791,41,2024-08-07
TAR516,CU3,5398,61,2024-04-23
TAR517,CU5,7685,56,2024-03-11
TAR518,CU327,12941,69,2024-10-06
TAR519,CU360,13729,9,2024-07-02
TAR520,CU294,16885,52,2024-03-20
TAR521,CU153,5970,85,2024-01-08
TAR522,CU213,17502,62,2024-10-15
TAR523,CU631,2961,83,2024-03-23
TAR524,CU940,22205,28,2024-01-21
TAR525,CU19,3458,53,2024-04-01
TAR526,CU984,5540,18,2024-01-14
TAR527,CU936,16958,49,2024-04-07
TAR528,CU544,9288,10,2024-04-25
TAR529,CU343,15297,77,2024-02-24
TAR530,CU252,11339,37,2024-10-15
TAR531,CU667,19076,14,2024-08-16
TAR532,CU983,22641,86,2024-05-18
TAR533,CU584,8066,56,2024-07-05
TAR534,CU387,19665,85,2024-11-25
TAR535,CU821,2108,98,2024-06-05
TAR536,CU137,11722,80,2024-10-21
TAR537,CU615,16583,89,2024-05-05
TAR538,CU613,13184,98,2024-11-14
TAR539,CU518,8125,20,2024-02-05
TAR540,CU108,18258,49,2024-03-05
TAR541,CU926,29353,78,2024-03-07
TAR542,CU4,6446,6,2024-05-18
TAR543,CU824,11778,21,2024-09-05
TAR544,CU459,7369,73,2024-03-08
TAR545,CU504,10170,2,2024-09-13
TAR546,CU435,1470,79,2024-12-08
TAR547,CU118,2850,8,2024-10-15
TAR548,CU367,4225,53,2024-10-20
TAR549,CU996,14817,92,2024-06-07
TAR550,CU253,14899,20,2024-04-25
TAR551,CU179,21760,2,2024-08-16
TAR552,CU717,12743,38,2024-02-19
TAR553,CU992,15114,12,2024-02-15
TAR554,CU896,9941,69,2024-08-15
TAR555,CU618,9250,44,2024-12-09
TAR556,CU976,7251,13,2024-09-02
TAR557,CU304,6949,51,2024-01-01
TAR558,CU782,16552,69,2024-10-18
TAR559,CU291,4289,82,2024-01-19
TAR560,CU293,5589,89,2024-08-21
TAR561,CU267,1392,82,2024-09-05
TAR562,CU952,3576,91,2024-01-14
TAR563,CU901,7654,93,2024-11-22
TAR564,CU351,5395,75,2024-09-11
TAR565,CU269,15774,71,2024-02-10
TAR566,CU894,26674,96,2024-04-07
TAR567,CU274,5965,21,2024-05-18
TAR568,CU455,11824,75,2024-11-02
TAR569,CU107,17304,88,2024-10-17
TAR570,CU353,15835,10,2024-11-13
TAR571,CU83,19919,5,2024-07-28
TAR572,CU908,4550,95,2024-01-22
TAR573,CU135,3448,28,2024-12-06
TAR574,CU461,12118,54,2024-09-08
TAR575,CU134,9295,56,2024-09-19
TAR576,CU727,12516,78,2024-08-11
TAR577,CU464,8264,86,2024-10-09
TAR578,CU868,8176,13,2024-05-06
TAR579,CU977,13695,91,2024-12-07
TAR580,CU285,19694,60,2024-04-06
TAR581,CU961,13350,13,2024-06-03
TAR582,CU375,8558,67,2024-11-19
TAR583,CU260,19497,1,2024-12-28
TAR584,CU113,3861,77,2024-04-13
TAR585,CU653,5434,77,2024-11-28
TAR586,CU422,12893,45,2024-02-05
TAR587,CU467,12078,22,2024-02-19
TAR588,CU823,9872,25,2024-09-07
TAR589,CU306,8390,18,2024-08-15
TAR590,CU10,5016,27,2024-06-28
TAR591,CU968,1576,97,2024-10-14
TAR592,CU632,2544,97,2024-08-13
TAR593,CU236,8805,39,2024-03-12
TAR594,CU8,22143,3,2024-03-05
TAR595,CU522,5049,58,2024-11-19
TAR596,CU400,14175,83,2024-07-17
TAR597,CU132,13213,67,2024-02-19
TAR598,CU99,4660,7,2024-12-25
TAR599,CU91,9239,6,2024-04-19
TAR600,CU170,10235,83,2024-09-17
TAR601,CU397,13782,51,2024-11-13
TAR602,CU912,6507,35,2024-03-07
TAR603,CU454,4847,54,2024-05-07
TAR604,CU677,5868,13,2024-04-08
TAR605,CU434,7663,77,2024-03-07
TAR606,CU114,15465,49,2024-07-23
TAR607,CU490,14730,72,2024-08-11
TAR608,CU664,10484,32,2024-08-03
TAR609,CU437,9537,63,2024-05-02
TAR610,CU416,29635,46,2024-10-17
TAR611,CU235,18056,58,2024-07-10
TAR612,CU781,4698,33,2024-03-01
TAR613,CU636,10594,70,2024-02-07
TAR614,CU1004,19705,5,2024-06-10
TAR615,CU403,9218,100,2024-06-02
TAR616,CU818,7251,14,2024-12-08
TAR617,CU907,7085,92,2024-12-21
TAR618,CU693,21229,32,2024-04-11
TAR619,CU995,7274,16,2024-06-23
TAR620,CU555,17772,43,2024-03-15
TAR621,CU392,7095,76,2024-12-13
TAR622,CU728,6868,1,2024-09-22
TAR623,CU251,5876,92,2024-02-03
TAR624,CU772,2173,32,2024-08-06
TAR625,CU804,1716,96,2024-05-13
TAR626,CU875,19372,63,2024-08-23
TAR627,CU421,26571,93,2024-04-10
TAR628,CU647,3742,48,2024-03-02
TAR629,CU993,16952,84,2024-02-12
TAR630,CU637,7655,16,2024-12-23
TAR631,CU981,14355,22,2024-08-12
TAR632,CU158,5569,53,2024-05-08
TAR633,CU767,13680,63,2024-12-12
TAR634,CU473,11107,42,2024-07-10
TAR635,CU948,17031,91,2024-09-20
TAR636,CU747,20748,33,2024-11-11
TAR637,CU28,15928,54,2024-01-28
TAR638,CU595,6625,58,2024-03-02
TAR639,CU488,1273,12,2024-02-21
TAR640,CU186,21638,24,2024-03-25
TAR641,CU779,2196,39,2024-05-22
TAR642,CU990,1115,83,2024-06-25
TAR643,CU296,18045,54,2024-05-26
TAR644,CU681,6540,51,2024-07-04
TAR645,CU888,2221,2,2024-06-11
TAR646,CU922,10441,9,2024-11-17
TAR647,CU657,7590,84,2024-12-12
TAR648,CU785,7456,29,2024-04-15
TAR649,CU1003,13084,80,2024-03-05
TAR650,CU362,16468,67,2024-11-07
TAR651,CU370,1334,48,2024-02-01
TAR652,CU399,1084,69,2024-08-14
TAR653,CU381,27141,85,2024-05-26
TAR654,CU954,29390,29,2024-06-02
TAR655,CU540,5918,66,2024-07-17
TAR656,CU975,6167,79,2024-11-24
TAR657,CU227,7381,88,2024-04-10
TAR658,CU349,1313,74,2024-08-21
TAR659,CU881,8100,51,2024-08-04
TAR660,CU249,4645,28,2024-05-26
TAR661,CU582,7471,64,2024-07-02
TAR662,CU310,10380,65,2024-06-18
TAR663,CU204,2619,87,2024-04-02
TAR664,CU925,2216,32,2024-12-15
TAR665,CU35,8130,28,2024-04-23
TAR666,CU697,4272,25,2024-02-02
TAR667,CU229,13467,77,2024-02-19
TAR668,CU745,13380,35,2024-08-04
TAR669,CU298,1396,7,2024-03-06
TAR670,CU155,6308,23,2024-01-23
TAR671,CU263,17525,47,2024-08-02
TAR672,CU526,2265,97,2024-03-27
TAR673,CU991,16842,28,2024-04-16
TAR674,CU283,24569,19,2024-01-09
TAR675,CU661,9087,11,2024-04-01
TAR676,CU131,15455,61,2024-03-14
TAR677,CU462,5055,83,2024-05-21
TAR678,CU587,7587,96,2024-10-06
TAR679,CU458,11520,7,2024-12-02
TAR680,CU305,27915,41,2024-10-16
TAR681,CU449,2923,31,2024-04-17
TAR682,CU877,9335,19,2024-08-03
TAR683,CU545,4989,45,2024-08-27
TAR684,CU713,11626,51,2024-07-17
TAR685,CU506,10528,78,2024-09-03
TAR686,CU401,7856,1,2024-01-25
TAR687,CU466,6245,74,2024-10-10
TAR688,CU784,12054,83,2024-10-03
TAR689,CU588,8134,72,2024-06-08
TAR690,CU394,17727,5,2024-06-21
TAR691,CU830,13977,74,2024-08-28
TAR692,CU441,12390,86,2024-03-24
TAR693,CU287,1770,73,2024-05-28
TAR694,CU692,13968,72,2024-04-02
TAR695,CU448,19537,4,2024-08-09
TAR696,CU12,13028,6,2024-02-20
TAR697,CU663,1901,44,2024-09-17
TAR698,CU100,2148,73,2024-09-13
TAR699,CU683,3547,51,2024-11-08
TAR700,CU942,11306,48,2024-01-18
TAR701,CU230,4299,52,2024-06-27
TAR702,CU950,19391,13,2024-10-21
TAR703,CU182,8464,7,2024-09-25
TAR704,CU86,2085,23,2024-11-21
TAR705,CU789,15168,48,2024-06-17
TAR706,CU783,9515,24,2024-02-10
TAR707,CU811,5951,80,2024-01-21
TAR708,CU290,2804,54,2024-05-10
TAR709,CU499,19443,62,2024-07-20
TAR710,CU312,22268,16,2024-03-25
TAR711,CU906,2300,35,2024-03-28
TAR712,CU189,8946,32,2024-10-26
TAR713,CU892,6098,75,2024-05-20
TAR714,CU231,16167,14,2024-07-22
TAR715,CU165,27339,98,2024-10-02
TAR716,CU679,6662,78,2024-06-13
TAR717,CU806,16401,85,2024-06-25
TAR718,CU605,12973,97,2024-12-19
TAR719,CU476,14146,39,2024-06-04
TAR720,CU172,6673,2,2024-06-25
TAR721,CU542,15558,67,2024-10-04
TAR722,CU106,13053,32,2024-10-05
TAR723,CU756,6443,64,2024-12-15
TAR724,CU427,5659,84,2024-02-24
TAR725,CU676,9616,58,2024-02-03
TAR726,CU266,3459,82,2024-05-20
TAR727,CU759,7080,31,2024-01-16
TAR728,CU156,6287,75,2024-11-28
TAR729,CU295,12404,40,2024-08-09
TAR730,CU617,3926,97,2024-09-22
TAR731,CU602,6409,79,2024-09-20
TAR732,CU978,19919,50,2024-11-27
TAR733,CU242,6057,10,2024-10-03
TAR734,CU320,19667,29,2024-02-15
TAR735,CU423,2921,44,2024-07-04
TAR736,CU610,1188,92,2024-11-24
TAR737,CU666,17328,83,2024-08-18
TAR738,CU280,3167,31,2024-04-07
TAR739,CU139,15746,86,2024-04-11
TAR740,CU511,13084,26,2024-05-17
TAR741,CU554,19280,9,2024-09-07
TAR742,CU609,17715,77,2024-08-06
TAR743,CU96,7643,39,2024-05-13
TAR744,CU469,18745,26,2024-11-13
TAR745,CU495,9902,7,2024-02-23
TAR746,CU508,19018,38,2024-05-16
TAR747,CU45,7914,7,2024-12-07
TAR748,CU600,6402,64,2024-12-28
TAR749,CU181,26890,45,2024-11-08
TAR750,CU73,13144,8,2024-12-02
TAR751,CU337,22951,5,2024-01-24
TAR752,CU548,16700,2,2024-05-26
TAR753,CU501,7131,75,2024-05-11
TAR754,CU755,22046,69,2024-03-14
TAR755,CU705,3022,61,2024-10-15
TAR756,CU882,13445,32,2024-09-23
TAR757,CU196,16837,73,2024-05-02
TAR758,CU386,11488,62,2024-04-02
TAR759,CU980,14933,76,2024-08-26
TAR760,CU81,24615,18,2024-07-23
TAR761,CU430,5474,17,2024-07-26
TAR762,CU487,14005,31,2024-04-20
TAR763,CU825,9431,93,2024-06-05
TAR764,CU902,9375,20,2024-11-06
TAR765,CU317,2045,40,2024-04-26
TAR766,CU527,3244,35,2024-11-09
TAR767,CU214,17302,13,2024-08-22
TAR768,CU923,13244,16,2024-11-22
TAR769,CU205,3946,76,2024-10-03
TAR770,CU792,1595,60,2024-10-10
TAR771,CU277,14655,53,2024-08-14
TAR772,CU606,12823,89,2024-07-24
TAR773,CU120,6515,6,2024-06-07
TAR774,CU998,1942,7,2024-07-15
TAR775,CU145,2213,9,2024-03-14
TAR776,CU418,9991,54,2024-04-22
TAR777,CU651,3337,69,2024-11-05
TAR778,CU802,5258,64,2024-06-06
TAR779,CU626,13727,50,2024-11-28
TAR780,CU550,5965,49,2024-11-01
TAR781,CU944,15970,56,2024-07-25
TAR782,CU288,4725,96,2024-04-05
TAR783,CU660,14481,65,2024-08-15
TAR784,CU126,8764,95,2024-07-02
TAR785,CU764,17772,78,2024-07-13
TAR786,CU866,19561,11,2024-03-22
TAR787,CU809,2487,11,2024-02-10
TAR788,CU959,12761,49,2024-12-17
TAR789,CU933,15668,93,2024-12-22
TAR790,CU493,5347,98,2024-08-03
TAR791,CU612,18803,71,2024-01-01
TAR792,CU33,18325,83,2024-09-12
TAR793,CU37,9568,94,2024-09-07
TAR794,CU700,19403,11,2024-12-19
TAR795,CU861,19705,28,2024-10-02
TAR796,CU817,16568,21,2024-06-23
TAR797,CU656,18863,76,2024-02-25
TAR798,CU479,5835,3,2024-07-14
TAR799,CU309,4530,35,2024-01-06
TAR800,CU658,6420,62,2024-02-21
TAR801,CU564,4889,20,2024-05-17
TAR802,CU694,15056,30,2024-04-04
TAR803,CU752,16210,21,2024-02-01
TAR804,CU241,10397,44,2024-09-24
TAR805,CU130,13519,46,2024-08-18
TAR806,CU836,12019,23,2024-07-11
TAR807,CU895,14893,18,2024-06-15
TAR808,CU358,17402,67,2024-01-02
TAR809,CU475,5143,4,2024-08-13
TAR810,CU643,8014,21,2024-02-20
TAR811,CU146,22528,1,2024-09-18
TAR812,CU110,15755,57,2024-09-14
TAR813,CU188,14913,39,2024-02-18
TAR814,CU709,15827,92,2024-07-22
TAR815,CU874,11275,42,2024-10-22
TAR816,CU248,1291,94,2024-01-19
TAR817,CU453,10367,44,2024-12-12
TAR818,CU197,3883,49,2024-06-11
TAR819,CU710,8265,17,2024-07-05
TAR820,CU947,19551,4,2024-12-14
TAR821,CU682,15055,22,2024-06-28
TAR822,CU136,17988,90,2024-09-04
TAR823,CU858,23481,35,2024-01-08
TAR824,CU803,19943,43,2024-09-25
TAR825,CU17,1347,61,2024-09-06
TAR826,CU757,11672,72,2024-11-27
TAR827,CU670,11608,7,2024-01-02
TAR828,CU215,11436,35,2024-02-24
TAR829,CU149,16315,16,2024-01-19
TAR830,CU442,10002,21,2024-03-21
TAR831,CU737,1051,76,2024-06-28
TAR832,CU140,11517,4,2024-11-05
TAR833,CU703,13357,7,2024-04-16
TAR834,CU431,16796,8,2024-10-18
TAR835,CU361,19716,88,2024-02-02
TAR836,CU331,18300,36,2024-04-21
TAR837,CU800,10141,17,2024-12-15
TAR838,CU953,9365,42,2024-03-04
TAR839,CU284,18691,13,2024-02-20
TAR840,CU192,1134,16,2024-08-21
TAR841,CU451,8925,12,2024-09-19
TAR842,CU916,3572,99,2024-04-19
TAR843,CU308,14849,57,2024-09-16
TAR844,CU494,1078,50,2024-07-06
TAR845,CU566,1670,52,2024-08-13
TAR846,CU765,3619,98,2024-09-21
TAR847,CU246,4030,65,2024-07-19
TAR848,CU601,2862,66,2024-10-07
TAR849,CU23,18866,33,2024-01-14
TAR850,CU211,11436,84,2024-02-26
TAR851,CU852,6357,27,2024-06-17
TAR852,CU630,10619,87,2024-01-03
TAR853,CU52,2379,40,2024-03-12
TAR854,CU608,17410,60,2024-03-22
TAR855,CU788,9463,26,2024-08-28
TAR856,CU474,8392,62,2024-06-02
TAR857,CU648,13086,4,2024-08-11
TAR858,CU76,6441,23,2024-09-19
TAR859,CU816,1164,66,2024-05-22
TAR860,CU840,8047,34,2024-04-07
TAR861,CU842,17267,64,2024-04-17
TAR862,CU413,13340,97,2024-10-08
TAR863,CU410,7537,26,2024-10-15
TAR864,CU127,2901,46,2024-05-14
TAR865,CU533,8315,35,2024-07-11
TAR866,CU325,9561,26,2024-05-23
TAR867,CU245,6425,28,2024-09-11
TAR868,CU1006,5010,2,2024-01-16
TAR869,CU965,1345,77,2024-06-02
TAR870,CU497,1481,51,2024-02-05
TAR871,CU173,7734,90,2024-11-02
TAR872,CU374,17943,25,2024-11-05
TAR873,CU938,17065,87,2024-03-07
TAR874,CU997,3826,75,2024-08-11
TAR875,CU790,4138,37,2024-07-07
TAR876,CU736,8833,68,2024-11-02
TAR877,CU452,16979,30,2024-11-01
TAR878,CU424,7172,84,2024-06-21
TAR879,CU500,18848,14,2024-06-23
TAR880,CU730,16401,54,2024-05-18
TAR881,CU482,3210,60,2024-02-21
TAR882,CU321,8352,13,2024-02-10
TAR883,CU202,3813,99,2024-08-04
TAR884,CU725,7119,12,2024-01-09
TAR885,CU547,5983,72,2024-11-28
TAR886,CU212,7005,2,2024-10-14
TAR887,CU365,4268,98,2024-05-12
TAR888,CU258,16167,61,2024-01-02
TAR889,CU957,9284,38,2024-09-21
TAR890,CU121,7171,80,2024-11-20
TAR891,CU536,13524,55,2024-02-08
TAR892,CU175,8669,56,2024-04-17
TAR893,CU848,9745,91,2024-08-20
TAR894,CU323,10997,15,2024-06-03
TAR895,CU286,10686,15,2024-01-20
TAR896,CU25,4431,34,2024-12-11
TAR897,CU157,6742,5,2024-01-13
TAR898,CU174,6672,16,2024-08-01
TAR899,CU711,7116,9,2024-01-13
TAR900,CU402,6283,11,2024-10-09
TAR901,CU572,5816,95,2024-02-01
TAR902,CU832,2911,13,2024-09-27
TAR903,CU484,6680,36,2024-01-27
TAR904,CU264,19757,75,2024-03-20
TAR905,CU357,9959,57,2024-05-26
TAR906,CU986,15950,30,2024-02-17
TAR907,CU766,23733,4,2024-04-27
TAR908,CU382,1305,76,2024-11-13
TAR909,CU704,3568,21,2024-10-02
TAR910,CU876,8764,7,2024-05-12
TAR911,CU221,7492,45,2024-07-08
TAR912,CU240,8450,81,2024-05-08
TAR913,CU560,7741,23,2024-03-20
TAR914,CU668,3559,5,2024-04-26
TAR915,CU561,4030,25,2024-06-06
TAR916,CU886,16782,98,2024-11-05
TAR917,CU166,5330,17,2024-05-27
TAR918,CU967,1665,67,2024-01-25
TAR919,CU247,4088,83,2024-05-16
TAR920,CU210,14751,44,2024-03-01
TAR921,CU510,14738,99,2024-08-08
TAR922,CU468,14204,51,2024-01-11
TAR923,CU801,6006,55,2024-09-26
TAR924,CU690,15181,96,2024-04-11
TAR925,CU718,29761,61,2024-05-24
TAR926,CU122,29020,96,2024-03-02
TAR927,CU795,9415,36,2024-08-22
TAR928,CU589,4958,4,2024-01-19
TAR929,CU193,9610,96,2024-02-05
TAR930,CU838,6279,23,2024-12-17
TAR931,CU964,6262,83,2024-05-18
TAR932,CU720,27884,100,2024-05-21
TAR933,CU768,15717,41,2024-10-06
TAR934,CU95,10736,38,2024-12-04
TAR935,CU988,19078,48,2024-05-08
TAR936,CU171,19579,29,2024-09-16
TAR937,CU845,22831,35,2024-12-18
TAR938,CU640,5131,44,2024-08-09
TAR939,CU116,17128,24,2024-04-06
TAR940,CU982,22107,75,2024-01-01
TAR941,CU568,2719,69,2024-07-15
TAR942,CU447,6920,47,2024-11-22
TAR943,CU124,5899,46,2024-10-14
TAR944,CU219,10261,86,2024-09-12
TAR945,CU178,11457,100,2024-06-28
TAR946,CU897,12798,58,2024-01-17
TAR947,CU635,8604,14,2024-04-28
TAR948,CU724,10465,18,2024-11-19
TAR949,CU551,11179,4,2024-02-21
TAR950,CU169,4078,74,2024-06-09
TAR951,CU278,6243,46,2024-06-08
TAR952,CU57,10070,50,2024-11-28
TAR953,CU14,6555,94,2024-04-19
TAR954,CU569,17017,30,2024-02-17
TAR955,CU90,14440,54,2024-04-13
TAR956,CU684,11202,69,2024-03-22
TAR957,CU48,11440,64,2024-03-04
TAR958,CU191,8466,10,2024-09-21
TAR959,CU634,17977,96,2024-02-10
TAR960,CU738,10107,22,2024-11-16
TAR961,CU853,13089,27,2024-12-01
TAR962,CU748,7452,23,2024-03-23
TAR963,CU161,10730,3,2024-04-05
TAR964,CU36,9150,51,2024-01-09
TAR965,CU243,22813,53,2024-07-10
TAR966,CU125,4028,67,2024-08-14
TAR967,CU623,17040,36,2024-12-23
TAR968,CU867,12371,17,2024-07-23
TAR969,CU570,19426,78,2024-08-23
TAR970,CU70,19521,46,2024-02-23
TAR971,CU799,15157,54,2024-10-12
TAR972,CU580,4456,96,2024-12-28
TAR973,CU776,10976,58,2024-06-17
TAR974,CU262,2679,77,2024-01-08
TAR975,CU539,14342,56,2024-03-08
TAR976,CU20,19987,21,2024-07-04
TAR977,CU557,6100,49,2024-08-02
TAR978,CU537,2192,86,2024-04-01
TAR979,CU960,10697,86,2024-06-05
TAR980,CU619,30000,2,2024-06-05
TAR981,CU333,11949,77,2024-08-07
TAR982,CU905,5711,38,2024-09-19
TAR983,CU974,2463,70,2024-06-02
TAR984,CU311,5563,8,2024-10-28
TAR985,CU32,3546,70,2024-09-27
TAR986,CU571,10432,41,2024-07-17
TAR987,CU406,3098,97,2024-05-16
TAR988,CU680,9789,24,2024-01-20
TAR989,CU200,12736,56,2024-11-01
TAR990,CU673,4515,56,2024-04-26
TAR991,CU412,4762,100,2024-04-16
TAR992,CU498,4099,16,2024-12-22
TAR993,CU920,3184,8,2024-06-25
TAR994,CU559,12899,77,2024-07-03
TAR995,CU949,3062,19,2024-12-22
TAR996,CU708,19989,31,2024-09-23
TAR997,CU758,12362,32,2024-01-22
TAR998,CU754,2436,50,2024-11-12
TAR999,CU685,15992,62,2024-03-16
TAR1000,CU1001,27438,9,2024-05-11
