id_tarjeta,id_transaccion,aprobada,tiempo_ejecucion,nit
TAR1,T496,true,4,775168039
TAR2,T1509,true,3,148029400
TAR3,T119,true,7,391831435
TAR4,T1026,true,6,919806929
TAR5,T987,false,1,704280125
TAR6,T1126,false,7,775747789
TAR7,T314,false,9,764181317
TAR8,T923,false,4,800318231
TAR9,T685,true,2,651131466
TAR10,T1564,true,8,201382670
TAR11,T682,true,3,404305295
TAR12,T641,false,4,464580136
TAR13,T1124,false,4,288930637
TAR14,T1955,false,5,321623450
TAR15,T1283,true,6,884493937
TAR16,T1836,true,3,411180099
TAR17,T799,true,1,970209809
TAR18,T973,false,10,608225018
TAR19,T296,false,5,109653119
TAR20,T916,false,6,569124070
TAR21,T1774,true,6,141162012
TAR22,T1596,true,8,632865737
TAR23,T357,false,3,201935136
TAR24,T1916,true,8,964218587
TAR25,T1153,true,3,132567256
TAR26,T341,true,4,113348384
TAR27,T1583,false,3,779643844
TAR28,T707,true,6,751089930
TAR29,T1669,true,3,815780429
TAR30,T665,true,7,958458150
TAR31,T217,true,7,181133741
TAR32,T224,true,3,931078893
TAR33,T510,true,6,722736918
TAR34,T1611,false,6,562790772
TAR35,T1468,false,6,911595433
TAR36,T50,true,2,957161310
TAR37,T1038,false,4,420348443
TAR38,T1337,true,1,143062285
TAR39,T1757,false,2,259679635
TAR40,T867,true,4,860897280
TAR41,T1300,true,4,653795432
TAR42,T910,false,2,786329509
TAR43,T1056,true,6,780473449
TAR44,T1602,true,3,120242247
TAR45,T1178,true,1,272444409
TAR46,T1926,true,6,778170002
TAR47,T1388,true,7,653763725
TAR48,T1141,false,6,317905059
TAR49,T192,true,1,975864361
TAR50,T731,false,5,579937188
TAR51,T191,false,4,661601719
TAR52,T1014,false,2,829883276
TAR53,T981,true,8,456497186
TAR54,T143,true,3,267300769
TAR55,T1919,true,5,917858745
TAR56,T501,false,10,978284166
TAR57,T566,true,8,592951790
TAR58,T1160,false,9,741422351
TAR59,T497,true,7,645646015
TAR60,T276,false,7,575031693
TAR61,T835,false,8,852188404
TAR62,T1427,false,1,948039681
TAR63,T614,false,5,829031489
TAR64,T1260,true,10,664576229
TAR65,T322,true,6,812448586
TAR66,T1159,true,8,308136602
TAR67,T1907,true,3,365793325
TAR68,T1223,false,4,387606556
TAR69,T1939,false,7,192496801
TAR70,T1672,false,4,573762305
TAR71,T610,false,6,646154769
TAR72,T796,false,2,442695961
TAR73,T1166,false,4,670147764
TAR74,T1916,false,1,770545956
TAR75,T322,false,5,560052472
TAR76,T75,true,8,632654438
TAR77,T449,false,10,413637440
TAR78,T1140,false,5,779891263
TAR79,T1958,true,2,262420440
TAR80,T160,false,7,988005522
TAR81,T214,false,5,956525177
TAR82,T1730,false,6,170802246
TAR83,T1702,true,3,782925979
TAR84,T126,true,4,794777404
TAR85,T1328,true,10,738293045
TAR86,T393,false,8,148984810
TAR87,T1001,true,4,225053055
TAR88,T840,true,8,153860403
TAR89,T989,true,4,846837162
TAR90,T1243,false,1,383011434
TAR91,T848,true,10,754894188
TAR92,T1734,true,2,225641376
TAR93,T1278,true,10,817492612
TAR94,T695,false,10,261774252
TAR95,T1790,false,9,883304311
TAR96,T1544,false,10,192704618
TAR97,T1249,true,6,844879037
TAR98,T1714,true,2,590934764
TAR99,T858,false,9,516108627
TAR100,T1163,false,1,915925581
TAR101,T1850,true,1,466681426
TAR102,T1487,true,2,172984742
TAR103,T1592,false,4,573727733
TAR104,T828,true,7,687440740
TAR105,T1129,false,3,706562049
TAR106,T937,false,4,957520036
TAR107,T688,true,4,810120517
TAR108,T1901,false,4,336263138
TAR109,T1615,false,1,443604986
TAR110,T81,true,6,627276072
TAR111,T1421,true,3,629630859
TAR112,T869,true,1,731308742
TAR113,T1092,true,8,376204516
TAR114,T634,false,10,435351070
TAR115,T940,true,5,733687486
TAR116,T904,false,3,644479643
TAR117,T1366,false,2,265329303
TAR118,T1823,false,7,802071783
TAR119,T74,false,9,391072532
TAR120,T1303,false,4,671513820
TAR121,T1808,true,7,125423129
TAR122,T315,true,9,135877265
TAR123,T358,true,5,741083866
TAR124,T548,true,2,407673789
TAR125,T1841,true,10,867982891
TAR126,T1188,true,9,586519735
TAR127,T336,true,7,182229591
TAR128,T1966,false,10,960413492
TAR129,T659,true,2,520198033
TAR130,T36,false,4,552780988
TAR131,T638,false,4,753093107
TAR132,T286,false,10,220160213
TAR133,T114,false,8,263269047
TAR134,T526,false,8,542891715
TAR135,T1447,false,8,397699369
TAR136,T1813,false,8,340369223
TAR137,T294,false,6,566103046
TAR138,T1759,false,9,442374373
TAR139,T429,true,9,426111982
TAR140,T384,false,6,509053050
TAR141,T1108,false,10,334134241
TAR142,T1874,false,2,468074938
TAR143,T564,false,7,422212802
TAR144,T1970,false,7,250539641
TAR145,T607,false,3,301123576
TAR146,T512,true,1,245008949
TAR147,T338,true,10,611012430
TAR148,T1757,true,3,372961653
TAR149,T132,true,4,622049502
TAR150,T1442,true,7,933349294
TAR151,T374,false,2,504925943
TAR152,T1669,false,3,932877095
TAR153,T1601,true,5,716065632
TAR154,T98,true,10,604104131
TAR155,T724,true,4,465744415
TAR156,T752,true,8,911202999
TAR157,T855,false,1,296871045
TAR158,T432,false,7,433875994
TAR159,T28,true,4,214319871
TAR160,T195,true,1,777908729
TAR161,T1761,true,4,510276164
TAR162,T1468,true,8,954071232
TAR163,T1819,false,4,415734756
TAR164,T1419,true,9,776232712
TAR165,T1909,true,8,776134361
TAR166,T1658,false,3,430132615
TAR167,T409,true,4,750356322
TAR168,T328,true,3,788040679
TAR169,T150,false,4,943927927
TAR170,T1609,true,9,144640510
TAR171,T382,true,8,342676440
TAR172,T1626,true,5,655267756
TAR173,T1642,true,8,373819587
TAR174,T578,false,10,883762606
TAR175,T1984,false,7,567727873
TAR176,T1023,true,1,162317932
TAR177,T928,false,5,158903339
TAR178,T1592,true,5,790772389
TAR179,T26,false,7,271087798
TAR180,T1959,false,8,891667129
TAR181,T1192,true,8,221817302
TAR182,T785,false,4,863654687
TAR183,T914,false,5,678555900
TAR184,T1014,false,8,709580354
TAR185,T1376,true,8,347460343
TAR186,T396,true,9,927066929
TAR187,T903,false,2,185815817
TAR188,T1103,true,1,167335056
TAR189,T1638,false,4,848580290
TAR190,T1938,true,7,777760806
TAR191,T93,true,5,457068847
TAR192,T528,true,1,955494443
TAR193,T575,true,4,245378295
TAR194,T1345,true,5,117385997
TAR195,T1669,false,8,634578389
TAR196,T437,true,8,207972066
TAR197,T1129,false,8,818632330
TAR198,T32,true,5,947428601
TAR199,T1015,false,3,556982596
TAR200,T1030,false,3,958380305
TAR201,T1639,false,2,708611871
TAR202,T558,true,5,639667210
TAR203,T384,false,5,974337335
TAR204,T1876,true,1,460832715
TAR205,T1710,false,7,944666340
TAR206,T1531,true,5,718893777
TAR207,T628,false,5,769593142
TAR208,T437,true,3,807670821
TAR209,T1828,true,3,399699774
TAR210,T308,false,8,213510537
TAR211,T1136,true,4,916875134
TAR212,T1111,false,6,721892317
TAR213,T903,false,6,928807356
TAR214,T506,true,6,511266553
TAR215,T5,true,8,691547533
TAR216,T1318,false,8,904592150
TAR217,T1790,false,3,251383271
TAR218,T891,false,1,181291654
TAR219,T1721,false,8,663603739
TAR220,T1069,true,9,541120192
TAR221,T480,true,10,829889436
TAR222,T1039,false,4,796409061
TAR223,T1969,false,10,739615270
TAR224,T1139,false,4,893762117
TAR225,T1791,false,8,723796907
TAR226,T109,false,6,442453970
TAR227,T1681,true,6,160762459
TAR228,T810,true,9,306169258
TAR229,T346,false,6,242886441
TAR230,T1545,false,5,382203065
TAR231,T195,true,7,477586899
TAR232,T1388,false,4,466206447
TAR233,T1517,false,2,742745967
TAR234,T678,false,10,398475592
TAR235,T478,false,7,707566627
TAR236,T82,true,5,147444823
TAR237,T1939,false,5,223051447
TAR238,T1825,true,5,526355353
TAR239,T280,false,1,564298725
TAR240,T1549,false,1,856114586
TAR241,T992,false,1,361656685
TAR242,T173,true,9,799672578
TAR243,T1979,false,2,598379257
TAR244,T1040,true,5,717604910
TAR245,T1962,false,6,961249884
TAR246,T61,true,6,644356196
TAR247,T1397,true,5,748687135
TAR248,T1984,false,5,980611890
TAR249,T1523,false,1,825162193
TAR250,T557,true,3,835489739
TAR251,T18,true,6,230701997
TAR252,T1944,true,10,243045232
TAR253,T832,true,10,439252330
TAR254,T941,true,1,850671412
TAR255,T514,false,8,253984617
TAR256,T990,false,2,699404717
TAR257,T1718,true,5,974074520
TAR258,T1930,false,6,603257331
TAR259,T620,true,9,964753798
TAR260,T1158,false,7,450238895
TAR261,T932,false,1,850849925
TAR262,T596,true,5,439442275
TAR263,T1558,false,5,918084590
TAR264,T436,true,1,594751268
TAR265,T454,false,8,760388009
TAR266,T471,true,4,736310506
TAR267,T1174,true,1,364280759
TAR268,T272,false,6,645587766
TAR269,T522,false,9,309419233
TAR270,T1037,true,2,152295073
TAR271,T956,true,9,612672999
TAR272,T1493,true,6,863935121
TAR273,T294,true,8,992900998
TAR274,T1437,true,8,961103260
TAR275,T1172,true,1,755947764
TAR276,T868,true,3,171836961
TAR277,T760,false,4,823462938
TAR278,T278,true,10,368334352
TAR279,T1934,true,4,415704475
TAR280,T481,true,6,416976752
TAR281,T1616,true,10,591451602
TAR282,T1542,false,8,178470599
TAR283,T321,true,10,349965503
TAR284,T961,true,7,396433648
TAR285,T6,false,3,610598458
TAR286,T1247,true,1,530021528
TAR287,T1765,false,1,381704863
TAR288,T51,true,4,382689347
TAR289,T1567,false,8,120589020
TAR290,T1490,false,10,882567056
TAR291,T826,false,8,331197593
TAR292,T890,false,1,683688366
TAR293,T1699,false,1,691279359
TAR294,T618,false,3,157339455
TAR295,T368,true,3,317889714
TAR296,T1072,true,1,757251178
TAR297,T693,true,2,619703582
TAR298,T1960,true,3,195452385
TAR299,T1743,false,5,961621511
TAR300,T939,false,6,557268272
TAR301,T1682,true,4,691924698
TAR302,T280,true,8,816137851
TAR303,T58,false,8,215628448
TAR304,T1112,false,3,365359162
TAR305,T1676,false,5,243329120
TAR306,T492,true,5,814510623
TAR307,T596,false,9,939416054
TAR308,T1404,true,7,185601950
TAR309,T1874,true,1,473940779
TAR310,T481,true,8,493974981
TAR311,T1944,false,5,333397165
TAR312,T1125,true,7,438314682
TAR313,T1541,true,5,701666635
TAR314,T113,false,3,631490498
TAR315,T240,true,1,942709983
TAR316,T314,true,7,330568954
TAR317,T1547,true,6,311756930
TAR318,T333,false,1,120488459
TAR319,T825,true,9,667384996
TAR320,T15,false,9,822168450
TAR321,T1201,false,9,749296320
TAR322,T1728,false,5,724178026
TAR323,T1058,false,10,770179174
TAR324,T859,false,8,196428897
TAR325,T289,false,1,322979660
TAR326,T903,true,10,612301369
TAR327,T1876,false,1,723225700
TAR328,T1170,true,2,775503693
TAR329,T88,false,8,676693132
TAR330,T1765,true,10,758512684
TAR331,T1463,true,9,953490049
TAR332,T1505,false,8,533063581
TAR333,T86,true,3,833868375
TAR334,T1224,true,4,902641326
TAR335,T276,false,2,118982908
TAR336,T1384,false,1,308854129
TAR337,T1091,false,1,879380016
TAR338,T217,false,6,348781785
TAR339,T1091,false,3,298031350
TAR340,T1480,true,1,986144571
TAR341,T1860,true,1,895050714
TAR342,T1810,true,9,393802620
TAR343,T50,false,7,863216960
TAR344,T1537,false,6,524540123
TAR345,T1399,true,7,552621860
TAR346,T1926,true,8,412126841
TAR347,T1052,true,2,518962371
TAR348,T90,true,2,434485860
TAR349,T776,false,7,942642167
TAR350,T1656,true,10,252262724
TAR351,T983,true,5,887955598
TAR352,T1427,false,5,956426661
TAR353,T1624,false,6,340144593
TAR354,T181,true,6,218434028
TAR355,T942,false,3,388600186
TAR356,T1647,false,7,831857502
TAR357,T267,true,4,798597210
TAR358,T1149,false,8,662761735
TAR359,T1171,true,3,279495162
TAR360,T670,true,5,560724844
TAR361,T1467,false,2,411349706
TAR362,T20,true,6,331873399
TAR363,T1377,true,5,234682214
TAR364,T1726,true,10,790524556
TAR365,T1757,true,6,250770793
TAR366,T431,false,4,459937652
TAR367,T1586,false,4,174179992
TAR368,T388,true,1,928385554
TAR369,T825,false,2,899023951
TAR370,T1389,true,6,944009634
TAR371,T1812,true,2,725367312
TAR372,T1057,false,4,410745667
TAR373,T939,false,8,511564325
TAR374,T800,false,4,337561844
TAR375,T1015,true,9,131417682
TAR376,T1499,false,9,725419802
TAR377,T1785,true,5,109137259
TAR378,T252,true,10,789893205
TAR379,T624,false,2,208566059
TAR380,T1996,false,7,848062804
TAR381,T877,true,3,575653085
TAR382,T180,true,2,688174804
TAR383,T739,false,4,227226927
TAR384,T1337,true,7,784959535
TAR385,T725,true,6,939164920
TAR386,T1535,true,7,835201561
TAR387,T155,false,6,738337127
TAR388,T217,false,9,319418200
TAR389,T471,true,8,717182285
TAR390,T174,true,6,861795550
TAR391,T1927,true,3,118487037
TAR392,T1884,false,10,492768247
TAR393,T1306,true,6,603786664
TAR394,T1340,false,3,311847522
TAR395,T1140,true,8,557134978
TAR396,T693,true,4,633470968
TAR397,T1621,true,9,944223253
TAR398,T390,false,2,741870285
TAR399,T800,false,7,174226047
TAR400,T1219,true,6,634510511
TAR401,T1514,false,1,671990760
TAR402,T1043,true,1,498537288
TAR403,T1335,false,6,591478195
TAR404,T1299,true,2,204184987
TAR405,T1551,false,10,926035296
TAR406,T797,false,2,336643830
TAR407,T942,false,2,637078597
TAR408,T661,true,6,152539621
TAR409,T723,false,10,224786393
TAR410,T1170,false,5,391925364
TAR411,T1836,true,3,902203087
TAR412,T320,false,9,185488622
TAR413,T1426,false,10,452456297
TAR414,T1919,false,8,909584116
TAR415,T149,false,3,410295282
TAR416,T408,true,6,560666458
TAR417,T338,false,1,330982483
TAR418,T1552,true,9,146134259
TAR419,T1880,true,4,909391345
TAR420,T1588,true,2,636755333
TAR421,T621,false,2,281080487
TAR422,T1427,false,3,422916794
TAR423,T1063,false,3,615397127
TAR424,T563,true,6,687603636
TAR425,T386,false,8,389131113
TAR426,T1827,false,10,612133219
TAR427,T470,false,4,509435357
TAR428,T762,false,7,142480473
TAR429,T1033,false,2,901894065
TAR430,T69,true,7,452417156
TAR431,T1042,true,10,549840143
TAR432,T1336,false,9,640970561
TAR433,T379,true,6,985740906
TAR434,T1534,false,2,970172766
TAR435,T901,true,3,669517981
TAR436,T1960,false,10,389465884
TAR437,T650,false,10,535711893
TAR438,T421,false,10,609598257
TAR439,T1109,false,10,538778253
TAR440,T407,true,7,974606028
TAR441,T1437,true,4,513013627
TAR442,T726,false,5,518850140
TAR443,T718,true,10,943799238
TAR444,T932,true,8,930904678
TAR445,T1041,false,7,216987024
TAR446,T341,false,8,242763368
TAR447,T609,true,3,157472442
TAR448,T441,false,9,152581283
TAR449,T1744,false,1,311528359
TAR450,T562,true,2,966676166
TAR451,T560,true,7,175207529
TAR452,T1924,false,3,953315356
TAR453,T498,false,7,356134580
TAR454,T406,true,5,600960293
TAR455,T560,false,5,365877536
TAR456,T224,true,5,730640078
TAR457,T387,true,1,416232626
TAR458,T1959,true,10,478772466
TAR459,T1368,true,6,289934269
TAR460,T1396,true,3,743406591
TAR461,T523,true,8,106848624
TAR462,T1015,false,7,598399357
TAR463,T1259,false,1,603117835
TAR464,T170,true,6,182820138
TAR465,T519,false,4,627042970
TAR466,T109,true,5,153268259
TAR467,T1784,true,10,846972364
TAR468,T1796,false,7,791789852
TAR469,T1912,true,5,736275425
TAR470,T1534,false,4,418947071
TAR471,T1641,false,5,965103626
TAR472,T338,false,8,859291564
TAR473,T927,true,3,164089148
TAR474,T1067,true,10,229176344
TAR475,T643,false,9,846105855
TAR476,T581,false,10,943548326
TAR477,T134,false,8,577568651
TAR478,T1070,true,4,357345203
TAR479,T1809,false,2,141535722
TAR480,T1097,false,5,154931726
TAR481,T979,false,3,232829858
TAR482,T1239,true,1,912970855
TAR483,T1201,false,5,171798968
TAR484,T108,true,8,871427079
TAR485,T197,false,2,345387647
TAR486,T1031,false,6,135490070
TAR487,T1746,false,9,560064452
TAR488,T1328,true,8,656195840
TAR489,T1248,true,4,275994032
TAR490,T1667,true,2,215730827
TAR491,T1359,true,4,357221346
TAR492,T578,false,4,187414402
TAR493,T1147,true,8,401491760
TAR494,T626,true,5,402982215
TAR495,T1713,false,3,947060616
TAR496,T1087,true,5,852931172
TAR497,T943,false,5,932828242
TAR498,T875,false,3,438028164
TAR499,T967,true,2,508118529
TAR500,T737,true,5,884005087
TAR501,T1049,true,7,783890518
TAR502,T76,true,1,770346328
TAR503,T716,true,8,683464033
TAR504,T202,false,8,899349121
TAR505,T971,false,8,969681831
TAR506,T1763,false,8,849208745
TAR507,T1114,false,2,644828702
TAR508,T73,false,1,218493931
TAR509,T252,false,4,790066971
TAR510,T1721,true,3,222682681
TAR511,T1706,false,2,375539005
TAR512,T249,true,10,699560001
TAR513,T1299,true,3,242542648
TAR514,T112,true,6,350045550
TAR515,T1560,false,6,255276476
TAR516,T395,true,4,584176386
TAR517,T481,true,4,530832124
TAR518,T1592,false,8,673353371
TAR519,T799,false,4,971364356
TAR520,T1691,true,9,612233802
TAR521,T1532,false,7,542129031
TAR522,T1606,false,6,754594168
TAR523,T250,false,3,976507718
TAR524,T953,false,10,543218914
TAR525,T1420,true,5,740904930
TAR526,T559,true,7,708574172
TAR527,T1137,true,1,931813273
TAR528,T1429,false,8,719208607
TAR529,T1283,false,3,819776378
TAR530,T1502,true,7,231847054
TAR531,T1401,false,2,993211789
TAR532,T1386,true,10,301010617
TAR533,T239,false,10,668837461
TAR534,T1589,false,4,912646372
TAR535,T1675,false,4,346586194
TAR536,T924,false,8,711567549
TAR537,T1837,true,8,105232145
TAR538,T1680,true,5,542314120
TAR539,T1126,true,10,535682018
TAR540,T465,true,9,599254532
TAR541,T1251,true,6,514473037
TAR542,T150,false,8,161632976
TAR543,T1243,false,6,781460857
TAR544,T1656,true,8,681416638
TAR545,T1635,false,8,973402853
TAR546,T1876,false,6,115845137
TAR547,T1073,false,10,607383040
TAR548,T1202,true,2,610391144
TAR549,T1516,true,6,428071298
TAR550,T1083,true,10,494294063
TAR551,T690,false,6,389427518
TAR552,T494,false,2,107009452
TAR553,T676,true,3,113224535
TAR554,T1432,true,6,689124746
TAR555,T1887,true,2,232965159
TAR556,T600,true,5,519763046
TAR557,T1482,false,4,208091752
TAR558,T1458,false,3,813751959
TAR559,T718,true,8,520295204
TAR560,T1450,true,5,437472970
TAR561,T473,false,7,585097663
TAR562,T270,false,4,205944097
TAR563,T1085,true,7,210651358
TAR564,T656,false,9,730615468
TAR565,T36,false,4,408932841
TAR566,T1714,true,4,678972192
TAR567,T1685,false,6,838823965
TAR568,T1412,true,4,171478932
TAR569,T201,true,8,605848359
TAR570,T82,false,7,322243922
TAR571,T434,true,10,850597783
TAR572,T1895,true,5,633335952
TAR573,T962,false,1,124802675
TAR574,T759,false,5,839314857
TAR575,T1395,false,4,376039538
TAR576,T1231,true,1,711319388
TAR577,T1368,true,6,190802521
TAR578,T1491,false,7,905988734
TAR579,T700,false,5,750088983
TAR580,T758,true,6,932181363
TAR581,T991,false,7,135061705
TAR582,T1278,false,2,393615086
TAR583,T141,false,10,580824620
TAR584,T53,false,9,901377966
TAR585,T918,false,5,574687601
TAR586,T852,false,5,270697985
TAR587,T1982,true,3,607434879
TAR588,T1541,true,2,483127707
TAR589,T1542,true,4,354434763
TAR590,T111,false,6,707474905
TAR591,T1388,false,7,492904035
TAR592,T1567,true,7,655317542
TAR593,T606,false,7,965949510
TAR594,T1870,false,6,408479440
TAR595,T104,true,10,891320821
TAR596,T91,true,5,612231315
TAR597,T1684,false,8,753508980
TAR598,T549,false,5,751427561
TAR599,T1625,false,7,933270995
TAR600,T1254,true,4,997507869
TAR601,T227,false,10,516604146
TAR602,T1979,false,3,861966106
TAR603,T113,true,3,254380777
TAR604,T914,true,5,754214192
TAR605,T625,true,1,782764445
TAR606,T540,true,1,606954259
TAR607,T1557,false,8,364722577
TAR608,T1723,true,3,758462500
TAR609,T1045,false,10,405950802
TAR610,T817,true,2,769636772
TAR611,T751,true,10,654802674
TAR612,T1154,true,6,762757286
TAR613,T1135,false,1,235638511
TAR614,T765,false,10,964297236
TAR615,T1121,false,3,434383363
TAR616,T571,true,6,399426342
TAR617,T1094,true,6,620575920
TAR618,T894,true,6,816739126
TAR619,T1514,true,3,848041744
TAR620,T707,false,3,738446115
TAR621,T1971,false,4,420369349
TAR622,T976,false,10,752670006
TAR623,T14,false,2,924481502
TAR624,T1143,false,9,238836063
TAR625,T1735,false,6,249742180
TAR626,T429,true,1,209063233
TAR627,T1690,true,2,175716479
TAR628,T1603,true,8,122357062
TAR629,T1417,false,3,571088533
TAR630,T1770,false,1,101877356
TAR631,T1532,true,1,948801037
TAR632,T928,true,8,839046453
TAR633,T587,true,9,840706182
TAR634,T1520,false,2,312237879
TAR635,T470,true,2,252753082
TAR636,T414,false,3,100422352
TAR637,T708,false,9,725925009
TAR638,T1046,true,2,524720158
TAR639,T1103,true,7,207159214
TAR640,T274,true,7,345765171
TAR641,T46,true,7,699780142
TAR642,T1969,true,8,970241966
TAR643,T352,true,3,354039939
TAR644,T1510,false,6,590690657
TAR645,T880,false,6,169391553
TAR646,T1706,false,6,818717230
TAR647,T1806,true,9,742209155
TAR648,T1836,true,8,849767808
TAR649,T1366,true,7,482905039
TAR650,T433,false,7,202576642
TAR651,T941,false,7,330588175
TAR652,T769,true,5,433656136
TAR653,T1445,false,6,611925270
TAR654,T1587,true,8,784077500
TAR655,T934,true,10,248719596
TAR656,T1597,false,4,726371410
TAR657,T960,false,1,344685289
TAR658,T1091,true,1,288614862
TAR659,T169,true,4,551824681
TAR660,T1237,true,7,105764026
TAR661,T571,false,10,830122921
TAR662,T373,false,1,655331755
TAR663,T1594,false,6,128520267
TAR664,T931,true,9,227299185
TAR665,T751,true,10,153304771
TAR666,T478,true,1,293403586
TAR667,T142,true,9,283952559
TAR668,T1109,true,9,743811969
TAR669,T1540,false,8,607121232
TAR670,T832,false,6,152321688
TAR671,T913,true,4,768180567
TAR672,T1242,false,10,386792122
TAR673,T389,false,9,818988398
TAR674,T1023,false,9,116060076
TAR675,T1656,false,9,400241619
TAR676,T1478,true,4,394385186
TAR677,T366,true,6,581825080
TAR678,T1458,false,10,965019155
TAR679,T486,false,5,972254093
TAR680,T923,true,4,460904618
TAR681,T1223,true,7,727356778
TAR682,T1260,true,9,162502797
TAR683,T788,true,2,895583812
TAR684,T1148,true,5,190251953
TAR685,T1188,false,6,152827646
TAR686,T1406,true,2,646652419
TAR687,T176,true,3,782203638
TAR688,T724,false,7,998715527
TAR689,T612,true,1,400824873
TAR690,T1332,true,5,996883818
TAR691,T89,true,3,746602394
TAR692,T466,true,9,883615716
TAR693,T1193,true,8,401126475
TAR694,T1622,true,4,445361607
TAR695,T227,true,3,313173220
TAR696,T666,true,2,275185976
TAR697,T193,false,9,814528735
TAR698,T697,true,6,417249580
TAR699,T1321,true,5,525335931
TAR700,T743,true,5,669782157
TAR701,T1428,false,9,485710140
TAR702,T1415,false,10,643078408
TAR703,T1443,false,5,609081345
TAR704,T1697,true,7,434211344
TAR705,T220,true,3,366221534
TAR706,T918,true,2,508238049
TAR707,T197,true,4,824533903
TAR708,T1838,false,5,744348777
TAR709,T547,true,3,781044134
TAR710,T199,false,10,843965003
TAR711,T1759,false,5,158327064
TAR712,T435,false,4,422201527
TAR713,T1148,false,8,104990378
TAR714,T691,true,6,393755023
TAR715,T671,true,4,471935461
TAR716,T853,true,7,146298125
TAR717,T376,true,10,493725479
TAR718,T1710,true,9,443327367
TAR719,T656,false,7,716013990
TAR720,T1374,true,5,981616065
TAR721,T517,true,8,664166433
TAR722,T897,false,5,663903413
TAR723,T1096,true,10,534200423
TAR724,T1228,false,10,463175135
TAR725,T420,true,7,231679933
TAR726,T758,false,1,753033075
TAR727,T1944,true,9,714732339
TAR728,T320,false,8,731194635
TAR729,T278,true,7,729720241
TAR730,T1744,true,8,665037337
TAR731,T1721,true,6,690664302
TAR732,T410,false,4,638315561
TAR733,T1435,true,2,989240297
TAR734,T395,false,7,363487266
TAR735,T279,false,2,551206524
TAR736,T1851,false,9,204692156
TAR737,T1155,true,1,275398095
TAR738,T1996,true,10,289459721
TAR739,T512,false,6,118294567
TAR740,T445,true,9,120085633
TAR741,T544,true,9,680302510
TAR742,T1609,true,4,895738705
TAR743,T1783,true,2,787553391
TAR744,T1016,false,8,688885582
TAR745,T745,false,4,376734493
TAR746,T1460,true,1,438382810
TAR747,T5,false,3,982693231
TAR748,T1650,true,5,564348580
TAR749,T965,false,10,278034783
TAR750,T712,false,8,582606432
TAR751,T54,true,5,143754229
TAR752,T1284,false,1,670565780
TAR753,T250,false,4,722176793
TAR754,T910,true,5,632613519
TAR755,T1259,false,4,134060585
TAR756,T1246,true,3,976449522
TAR757,T350,false,4,375890853
TAR758,T1156,true,10,881985188
TAR759,T1439,true,10,472216701
TAR760,T1333,false,1,569012079
TAR761,T174,true,1,321017768
TAR762,T1557,false,6,679321982
TAR763,T1149,true,4,626827792
TAR764,T347,false,1,377303897
TAR765,T448,false,8,961009296
TAR766,T165,true,9,208478701
TAR767,T849,false,9,710045281
TAR768,T400,true,8,456320193
TAR769,T108,false,6,585018550
TAR770,T1358,false,1,298867117
TAR771,T426,false,4,358994186
TAR772,T676,true,9,225627912
TAR773,T534,false,6,536902508
TAR774,T572,false,1,603391477
TAR775,T962,false,8,971221135
TAR776,T822,true,1,716068741
TAR777,T1858,true,10,469281447
TAR778,T437,false,4,952911046
TAR779,T95,false,7,131769163
TAR780,T880,true,7,460143386
TAR781,T562,false,2,818734532
TAR782,T1749,false,1,584788267
TAR783,T1238,false,9,574885167
TAR784,T1214,true,9,746572223
TAR785,T251,false,10,991647204
TAR786,T126,true,5,681101144
TAR787,T933,false,5,113194695
TAR788,T864,true,1,178994028
TAR789,T150,true,3,410433099
TAR790,T714,false,3,331226421
TAR791,T1476,false,4,861372429
TAR792,T858,false,7,576242171
TAR793,T897,true,4,351497231
TAR794,T156,true,5,605446496
TAR795,T1956,true,5,901452965
TAR796,T1846,false,1,187305343
TAR797,T1409,true,6,893001346
TAR798,T1581,true,2,298169618
TAR799,T270,true,3,247959846
TAR800,T627,true,5,343221852
TAR801,T1122,true,9,890329525
TAR802,T1193,true,5,270168429
TAR803,T21,true,8,143765574
TAR804,T1701,false,2,145893976
TAR805,T1285,true,6,873144000
TAR806,T1096,true,4,189844859
TAR807,T750,false,10,989615690
TAR808,T1882,false,10,259535444
TAR809,T1871,false,9,475300864
TAR810,T1535,false,1,789532289
TAR811,T947,true,3,233018508
TAR812,T1171,true,1,609438286
TAR813,T1463,true,3,484160456
TAR814,T1544,true,10,530743238
TAR815,T1342,true,5,996081197
TAR816,T1354,true,6,353207955
TAR817,T1049,true,4,388388373
TAR818,T1293,false,7,152701757
TAR819,T26,false,4,490908814
TAR820,T1636,false,1,421898662
TAR821,T133,false,5,347833810
TAR822,T1789,false,2,925194789
TAR823,T625,true,8,793793464
TAR824,T1951,false,1,454318301
TAR825,T421,true,3,809320106
TAR826,T1710,false,6,522171485
TAR827,T1260,true,2,772468022
TAR828,T698,false,4,471944570
TAR829,T1919,true,3,802775339
TAR830,T1294,true,3,877138069
TAR831,T536,false,3,604158590
TAR832,T666,false,6,432192792
TAR833,T1558,false,10,635708367
TAR834,T1764,false,9,374017664
TAR835,T1908,false,10,735832137
TAR836,T1492,false,7,287145599
TAR837,T1648,true,6,493812195
TAR838,T1012,true,3,739010495
TAR839,T403,true,2,404479349
TAR840,T686,true,6,488249954
TAR841,T1785,true,5,456058430
TAR842,T523,true,7,198251907
TAR843,T1325,false,5,450942507
TAR844,T937,false,6,629654380
TAR845,T1289,false,9,324348020
TAR846,T1577,true,6,841977072
TAR847,T224,false,6,984906734
TAR848,T1157,false,7,279351269
TAR849,T1335,true,5,279885284
TAR850,T314,false,6,100529162
TAR851,T859,false,9,144057376
TAR852,T624,false,4,693673231
TAR853,T948,true,10,424684266
TAR854,T981,true,3,990021993
TAR855,T204,true,3,439638782
TAR856,T905,true,7,790638414
TAR857,T372,true,6,655032669
TAR858,T1230,false,4,834693090
TAR859,T33,false,2,719184930
TAR860,T1252,false,10,464048874
TAR861,T10,false,9,959926141
TAR862,T1409,true,4,922454022
TAR863,T397,false,8,707131600
TAR864,T107,false,9,759911532
TAR865,T1263,true,7,540896964
TAR866,T872,false,2,962062755
TAR867,T1350,false,3,630822351
TAR868,T1044,true,5,495593008
TAR869,T1205,false,4,713626362
TAR870,T351,true,4,950509884
TAR871,T1148,false,9,937319610
TAR872,T247,false,7,226094122
TAR873,T194,false,5,899036412
TAR874,T507,false,8,208069034
TAR875,T39,true,1,126069810
TAR876,T1829,true,6,847630034
TAR877,T98,true,1,885339511
TAR878,T1905,true,8,206459881
TAR879,T1708,true,1,960897162
TAR880,T1304,false,8,535020295
TAR881,T13,true,5,757161866
TAR882,T776,false,6,765085102
TAR883,T536,true,10,889151730
TAR884,T1638,false,1,346364038
TAR885,T1120,true,4,253055350
TAR886,T1302,false,10,664048262
TAR887,T1928,false,9,680326248
TAR888,T1701,false,2,912383619
TAR889,T998,false,2,924851523
TAR890,T423,true,1,489954385
TAR891,T145,true,4,308378209
TAR892,T640,false,6,121148435
TAR893,T608,false,5,166389302
TAR894,T1693,true,6,529472496
TAR895,T1419,true,4,388308236
TAR896,T1758,false,10,448531718
TAR897,T1981,true,3,380578973
TAR898,T1931,false,1,543816317
TAR899,T499,true,8,960412815
TAR900,T638,true,2,462387208
TAR901,T1353,false,4,206338379
TAR902,T791,true,8,454339047
TAR903,T1575,false,7,174346962
TAR904,T1613,false,6,721722761
TAR905,T638,false,7,285686207
TAR906,T704,true,1,251233706
TAR907,T1863,false,6,650945032
TAR908,T350,false,4,130082880
TAR909,T523,true,6,591376777
TAR910,T119,false,2,872023475
TAR911,T159,true,2,293750036
TAR912,T139,true,5,287955664
TAR913,T1047,false,10,126380234
TAR914,T574,false,6,711081583
TAR915,T1049,false,8,131931005
TAR916,T273,true,3,712728736
TAR917,T1036,false,1,437424308
TAR918,T1222,false,5,240013532
TAR919,T525,true,9,477636182
TAR920,T794,true,8,549826257
TAR921,T1551,false,7,128274671
TAR922,T444,false,9,707595181
TAR923,T898,false,7,579121417
TAR924,T452,false,8,714660360
TAR925,T1151,false,4,504094628
TAR926,T154,false,6,876624066
TAR927,T1416,true,10,962055981
TAR928,T1348,false,4,107740933
TAR929,T1611,false,6,143259455
TAR930,T1939,true,10,909880241
TAR931,T142,true,7,115361804
TAR932,T663,true,8,838969352
TAR933,T1807,true,5,284884791
TAR934,T1348,true,1,450806976
TAR935,T1877,true,10,993492478
TAR936,T810,true,7,872093302
TAR937,T1232,false,1,793649826
TAR938,T921,false,7,528440407
TAR939,T1732,false,6,828160151
TAR940,T1394,false,5,907164739
TAR941,T571,true,4,726920664
TAR942,T755,true,8,183555556
TAR943,T1192,false,8,172610475
TAR944,T1197,true,1,155057572
TAR945,T357,false,4,547030380
TAR946,T872,false,6,170898172
TAR947,T970,true,3,697731349
TAR948,T900,false,4,467554068
TAR949,T295,false,4,729061800
TAR950,T636,true,5,390933421
TAR951,T1760,false,6,198654893
TAR952,T1646,false,4,867356632
TAR953,T833,true,7,547042285
TAR954,T27,true,6,770527257
TAR955,T1157,true,3,897814909
TAR956,T1130,false,8,509438331
TAR957,T1644,false,5,287189661
TAR958,T1965,true,7,963546508
TAR959,T1836,true,3,950690229
TAR960,T298,false,8,997287934
TAR961,T887,true,8,353528134
TAR962,T805,true,4,413462935
TAR963,T1220,false,8,459578688
TAR964,T589,true,9,692381439
TAR965,T1725,true,9,367744932
TAR966,T1154,true,6,150183365
TAR967,T1973,false,7,130723833
TAR968,T1213,false,4,518768976
TAR969,T1453,true,3,432793266
TAR970,T436,false,2,832979642
TAR971,T1217,true,7,686562848
TAR972,T1319,true,9,565521130
TAR973,T624,false,10,521436474
TAR974,T632,true,9,623753135
TAR975,T1800,false,7,598582671
TAR976,T1461,true,5,894513782
TAR977,T398,true,3,793485505
TAR978,T618,true,10,373416616
TAR979,T206,false,4,332985283
TAR980,T1323,false,3,441176846
TAR981,T1206,false,5,839704582
TAR982,T1788,false,3,439134541
TAR983,T1391,false,5,917066240
TAR984,T1417,false,2,351674719
TAR985,T917,false,6,444018093
TAR986,T97,false,5,315898835
TAR987,T1609,false,6,709767255
TAR988,T1727,false,6,461874528
TAR989,T1325,false,5,290281041
TAR990,T630,true,6,261902883
TAR991,T654,true,4,739378196
TAR992,T1861,true,1,186440135
TAR993,T1485,false,1,441547242
TAR994,T856,true,3,897548579
TAR995,T1662,true,4,312055140
TAR996,T296,true,7,813037612
TAR997,T628,false,10,239576215
TAR998,T568,true,7,749392850
TAR999,T918,false,2,609945913
TAR1000,T893,true,2,680349755
